   AgeBP,   YearCE, JanDays     , FebDays     , MarDays     , AprDays     , MayDays     , JunDays     , JulDays     , AugDays     , SepDays     , OctDays     , NovDays     , DecDays     , JanMid      , FebMid      , MarMid      , AprMid      , MayMid      , JunMid      , JulMid      , AugMid      , SepMid      , OctMid      , NovMid      , DecMid      , JanBeg      , FebBeg      , MarBeg      , AprBeg      , MayBeg      , JunBeg      , JulBeg      , AugBeg      , SepBeg      , OctBeg      , NovBeg      , DecBeg      , JanEnd      , FebEnd      , MarEnd      , AprEnd      , MayEnd      , JunEnd      , JulEnd      , AugEnd      , SepEnd      , OctEnd      , NovEnd      , DecEnd      , VE_day , SS_day ,  ndays
       0,     1000,  31.00000000,  28.00000000,  31.00000000,  30.00000000,  31.00000000,  30.00000000,  31.00000000,  31.00000000,  30.00000000,  31.00000000,  30.00000000,  31.00000000,  15.50000000,  45.00000000,  74.50000000, 105.00000000, 135.50000000, 166.00000000, 196.50000000, 227.50000000, 258.00000000, 288.50000000, 319.00000000, 349.50000000,   0.00000000,  31.00000000,  59.00000000,  90.00000000, 120.00000000, 151.00000000, 181.00000000, 212.00000000, 243.00000000, 273.00000000, 304.00000000, 334.00000000,  31.00000000,  59.00000000,  90.00000000, 120.00000000, 151.00000000, 181.00000000, 212.00000000, 243.00000000, 273.00000000, 304.00000000, 334.00000000, 365.00000000,  80.070, 173.512,  365
       0,     1001,  31.00000000,  28.00000000,  31.00000000,  30.00000000,  31.00000000,  30.00000000,  31.00000000,  31.00000000,  30.00000000,  31.00000000,  30.00000000,  31.00000000,  15.50000000,  45.00000000,  74.50000000, 105.00000000, 135.50000000, 166.00000000, 196.50000000, 227.50000000, 258.00000000, 288.50000000, 319.00000000, 349.50000000,   0.00000000,  31.00000000,  59.00000000,  90.00000000, 120.00000000, 151.00000000, 181.00000000, 212.00000000, 243.00000000, 273.00000000, 304.00000000, 334.00000000,  31.00000000,  59.00000000,  90.00000000, 120.00000000, 151.00000000, 181.00000000, 212.00000000, 243.00000000, 273.00000000, 304.00000000, 334.00000000, 365.00000000,  80.070, 173.511,  365
       0,     1002,  31.00000000,  28.00000000,  31.00000000,  30.00000000,  31.00000000,  30.00000000,  31.00000000,  31.00000000,  30.00000000,  31.00000000,  30.00000000,  31.00000000,  15.50000000,  45.00000000,  74.50000000, 105.00000000, 135.50000000, 166.00000000, 196.50000000, 227.50000000, 258.00000000, 288.50000000, 319.00000000, 349.50000000,   0.00000000,  31.00000000,  59.00000000,  90.00000000, 120.00000000, 151.00000000, 181.00000000, 212.00000000, 243.00000000, 273.00000000, 304.00000000, 334.00000000,  31.00000000,  59.00000000,  90.00000000, 120.00000000, 151.00000000, 181.00000000, 212.00000000, 243.00000000, 273.00000000, 304.00000000, 334.00000000, 365.00000000,  80.070, 173.510,  365
       0,     1003,  31.00000000,  28.00000000,  31.00000000,  30.00000000,  31.00000000,  30.00000000,  31.00000000,  31.00000000,  30.00000000,  31.00000000,  30.00000000,  31.00000000,  15.50000000,  45.00000000,  74.50000000, 105.00000000, 135.50000000, 166.00000000, 196.50000000, 227.50000000, 258.00000000, 288.50000000, 319.00000000, 349.50000000,   0.00000000,  31.00000000,  59.00000000,  90.00000000, 120.00000000, 151.00000000, 181.00000000, 212.00000000, 243.00000000, 273.00000000, 304.00000000, 334.00000000,  31.00000000,  59.00000000,  90.00000000, 120.00000000, 151.00000000, 181.00000000, 212.00000000, 243.00000000, 273.00000000, 304.00000000, 334.00000000, 365.00000000,  80.070, 173.510,  365
       0,     1004,  31.00000000,  29.00000000,  31.00000000,  30.00000000,  31.00000000,  30.00000000,  31.00000000,  31.00000000,  30.00000000,  31.00000000,  30.00000000,  31.00000000,  15.50000000,  45.50000000,  75.50000000, 106.00000000, 136.50000000, 167.00000000, 197.50000000, 228.50000000, 259.00000000, 289.50000000, 320.00000000, 350.50000000,   0.00000000,  31.00000000,  60.00000000,  91.00000000, 121.00000000, 152.00000000, 182.00000000, 213.00000000, 244.00000000, 274.00000000, 305.00000000, 335.00000000,  31.00000000,  60.00000000,  91.00000000, 121.00000000, 152.00000000, 182.00000000, 213.00000000, 244.00000000, 274.00000000, 305.00000000, 335.00000000, 366.00000000,  81.070, 174.510,  366
       0,     1005,  31.00000000,  28.00000000,  31.00000000,  30.00000000,  31.00000000,  30.00000000,  31.00000000,  31.00000000,  30.00000000,  31.00000000,  30.00000000,  31.00000000,  15.50000000,  45.00000000,  74.50000000, 105.00000000, 135.50000000, 166.00000000, 196.50000000, 227.50000000, 258.00000000, 288.50000000, 319.00000000, 349.50000000,   0.00000000,  31.00000000,  59.00000000,  90.00000000, 120.00000000, 151.00000000, 181.00000000, 212.00000000, 243.00000000, 273.00000000, 304.00000000, 334.00000000,  31.00000000,  59.00000000,  90.00000000, 120.00000000, 151.00000000, 181.00000000, 212.00000000, 243.00000000, 273.00000000, 304.00000000, 334.00000000, 365.00000000,  80.070, 173.509,  365
       0,     1006,  31.00000000,  28.00000000,  31.00000000,  30.00000000,  31.00000000,  30.00000000,  31.00000000,  31.00000000,  30.00000000,  31.00000000,  30.00000000,  31.00000000,  15.50000000,  45.00000000,  74.50000000, 105.00000000, 135.50000000, 166.00000000, 196.50000000, 227.50000000, 258.00000000, 288.50000000, 319.00000000, 349.50000000,   0.00000000,  31.00000000,  59.00000000,  90.00000000, 120.00000000, 151.00000000, 181.00000000, 212.00000000, 243.00000000, 273.00000000, 304.00000000, 334.00000000,  31.00000000,  59.00000000,  90.00000000, 120.00000000, 151.00000000, 181.00000000, 212.00000000, 243.00000000, 273.00000000, 304.00000000, 334.00000000, 365.00000000,  80.070, 173.508,  365
       0,     1007,  31.00000000,  28.00000000,  31.00000000,  30.00000000,  31.00000000,  30.00000000,  31.00000000,  31.00000000,  30.00000000,  31.00000000,  30.00000000,  31.00000000,  15.50000000,  45.00000000,  74.50000000, 105.00000000, 135.50000000, 166.00000000, 196.50000000, 227.50000000, 258.00000000, 288.50000000, 319.00000000, 349.50000000,   0.00000000,  31.00000000,  59.00000000,  90.00000000, 120.00000000, 151.00000000, 181.00000000, 212.00000000, 243.00000000, 273.00000000, 304.00000000, 334.00000000,  31.00000000,  59.00000000,  90.00000000, 120.00000000, 151.00000000, 181.00000000, 212.00000000, 243.00000000, 273.00000000, 304.00000000, 334.00000000, 365.00000000,  80.070, 173.508,  365
       0,     1008,  31.00000000,  29.00000000,  31.00000000,  30.00000000,  31.00000000,  30.00000000,  31.00000000,  31.00000000,  30.00000000,  31.00000000,  30.00000000,  31.00000000,  15.50000000,  45.50000000,  75.50000000, 106.00000000, 136.50000000, 167.00000000, 197.50000000, 228.50000000, 259.00000000, 289.50000000, 320.00000000, 350.50000000,   0.00000000,  31.00000000,  60.00000000,  91.00000000, 121.00000000, 152.00000000, 182.00000000, 213.00000000, 244.00000000, 274.00000000, 305.00000000, 335.00000000,  31.00000000,  60.00000000,  91.00000000, 121.00000000, 152.00000000, 182.00000000, 213.00000000, 244.00000000, 274.00000000, 305.00000000, 335.00000000, 366.00000000,  81.070, 174.507,  366
       0,     1009,  31.00000000,  28.00000000,  31.00000000,  30.00000000,  31.00000000,  30.00000000,  31.00000000,  31.00000000,  30.00000000,  31.00000000,  30.00000000,  31.00000000,  15.50000000,  45.00000000,  74.50000000, 105.00000000, 135.50000000, 166.00000000, 196.50000000, 227.50000000, 258.00000000, 288.50000000, 319.00000000, 349.50000000,   0.00000000,  31.00000000,  59.00000000,  90.00000000, 120.00000000, 151.00000000, 181.00000000, 212.00000000, 243.00000000, 273.00000000, 304.00000000, 334.00000000,  31.00000000,  59.00000000,  90.00000000, 120.00000000, 151.00000000, 181.00000000, 212.00000000, 243.00000000, 273.00000000, 304.00000000, 334.00000000, 365.00000000,  80.070, 173.506,  365
       0,     1010,  31.00000000,  28.00000000,  31.00000000,  30.00000000,  31.00000000,  30.00000000,  31.00000000,  31.00000000,  30.00000000,  31.00000000,  30.00000000,  31.00000000,  15.50000000,  45.00000000,  74.50000000, 105.00000000, 135.50000000, 166.00000000, 196.50000000, 227.50000000, 258.00000000, 288.50000000, 319.00000000, 349.50000000,   0.00000000,  31.00000000,  59.00000000,  90.00000000, 120.00000000, 151.00000000, 181.00000000, 212.00000000, 243.00000000, 273.00000000, 304.00000000, 334.00000000,  31.00000000,  59.00000000,  90.00000000, 120.00000000, 151.00000000, 181.00000000, 212.00000000, 243.00000000, 273.00000000, 304.00000000, 334.00000000, 365.00000000,  80.070, 173.506,  365
       0,     1011,  31.00000000,  28.00000000,  31.00000000,  30.00000000,  31.00000000,  30.00000000,  31.00000000,  31.00000000,  30.00000000,  31.00000000,  30.00000000,  31.00000000,  15.50000000,  45.00000000,  74.50000000, 105.00000000, 135.50000000, 166.00000000, 196.50000000, 227.50000000, 258.00000000, 288.50000000, 319.00000000, 349.50000000,   0.00000000,  31.00000000,  59.00000000,  90.00000000, 120.00000000, 151.00000000, 181.00000000, 212.00000000, 243.00000000, 273.00000000, 304.00000000, 334.00000000,  31.00000000,  59.00000000,  90.00000000, 120.00000000, 151.00000000, 181.00000000, 212.00000000, 243.00000000, 273.00000000, 304.00000000, 334.00000000, 365.00000000,  80.070, 173.505,  365
       0,     1012,  31.00000000,  29.00000000,  31.00000000,  30.00000000,  31.00000000,  30.00000000,  31.00000000,  31.00000000,  30.00000000,  31.00000000,  30.00000000,  31.00000000,  15.50000000,  45.50000000,  75.50000000, 106.00000000, 136.50000000, 167.00000000, 197.50000000, 228.50000000, 259.00000000, 289.50000000, 320.00000000, 350.50000000,   0.00000000,  31.00000000,  60.00000000,  91.00000000, 121.00000000, 152.00000000, 182.00000000, 213.00000000, 244.00000000, 274.00000000, 305.00000000, 335.00000000,  31.00000000,  60.00000000,  91.00000000, 121.00000000, 152.00000000, 182.00000000, 213.00000000, 244.00000000, 274.00000000, 305.00000000, 335.00000000, 366.00000000,  81.070, 174.505,  366
       0,     1013,  31.00000000,  28.00000000,  31.00000000,  30.00000000,  31.00000000,  30.00000000,  31.00000000,  31.00000000,  30.00000000,  31.00000000,  30.00000000,  31.00000000,  15.50000000,  45.00000000,  74.50000000, 105.00000000, 135.50000000, 166.00000000, 196.50000000, 227.50000000, 258.00000000, 288.50000000, 319.00000000, 349.50000000,   0.00000000,  31.00000000,  59.00000000,  90.00000000, 120.00000000, 151.00000000, 181.00000000, 212.00000000, 243.00000000, 273.00000000, 304.00000000, 334.00000000,  31.00000000,  59.00000000,  90.00000000, 120.00000000, 151.00000000, 181.00000000, 212.00000000, 243.00000000, 273.00000000, 304.00000000, 334.00000000, 365.00000000,  80.070, 173.504,  365
       0,     1014,  31.00000000,  28.00000000,  31.00000000,  30.00000000,  31.00000000,  30.00000000,  31.00000000,  31.00000000,  30.00000000,  31.00000000,  30.00000000,  31.00000000,  15.50000000,  45.00000000,  74.50000000, 105.00000000, 135.50000000, 166.00000000, 196.50000000, 227.50000000, 258.00000000, 288.50000000, 319.00000000, 349.50000000,   0.00000000,  31.00000000,  59.00000000,  90.00000000, 120.00000000, 151.00000000, 181.00000000, 212.00000000, 243.00000000, 273.00000000, 304.00000000, 334.00000000,  31.00000000,  59.00000000,  90.00000000, 120.00000000, 151.00000000, 181.00000000, 212.00000000, 243.00000000, 273.00000000, 304.00000000, 334.00000000, 365.00000000,  80.070, 173.503,  365
       0,     1015,  31.00000000,  28.00000000,  31.00000000,  30.00000000,  31.00000000,  30.00000000,  31.00000000,  31.00000000,  30.00000000,  31.00000000,  30.00000000,  31.00000000,  15.50000000,  45.00000000,  74.50000000, 105.00000000, 135.50000000, 166.00000000, 196.50000000, 227.50000000, 258.00000000, 288.50000000, 319.00000000, 349.50000000,   0.00000000,  31.00000000,  59.00000000,  90.00000000, 120.00000000, 151.00000000, 181.00000000, 212.00000000, 243.00000000, 273.00000000, 304.00000000, 334.00000000,  31.00000000,  59.00000000,  90.00000000, 120.00000000, 151.00000000, 181.00000000, 212.00000000, 243.00000000, 273.00000000, 304.00000000, 334.00000000, 365.00000000,  80.070, 173.503,  365
       0,     1016,  31.00000000,  29.00000000,  31.00000000,  30.00000000,  31.00000000,  30.00000000,  31.00000000,  31.00000000,  30.00000000,  31.00000000,  30.00000000,  31.00000000,  15.50000000,  45.50000000,  75.50000000, 106.00000000, 136.50000000, 167.00000000, 197.50000000, 228.50000000, 259.00000000, 289.50000000, 320.00000000, 350.50000000,   0.00000000,  31.00000000,  60.00000000,  91.00000000, 121.00000000, 152.00000000, 182.00000000, 213.00000000, 244.00000000, 274.00000000, 305.00000000, 335.00000000,  31.00000000,  60.00000000,  91.00000000, 121.00000000, 152.00000000, 182.00000000, 213.00000000, 244.00000000, 274.00000000, 305.00000000, 335.00000000, 366.00000000,  81.070, 174.502,  366
       0,     1017,  31.00000000,  28.00000000,  31.00000000,  30.00000000,  31.00000000,  30.00000000,  31.00000000,  31.00000000,  30.00000000,  31.00000000,  30.00000000,  31.00000000,  15.50000000,  45.00000000,  74.50000000, 105.00000000, 135.50000000, 166.00000000, 196.50000000, 227.50000000, 258.00000000, 288.50000000, 319.00000000, 349.50000000,   0.00000000,  31.00000000,  59.00000000,  90.00000000, 120.00000000, 151.00000000, 181.00000000, 212.00000000, 243.00000000, 273.00000000, 304.00000000, 334.00000000,  31.00000000,  59.00000000,  90.00000000, 120.00000000, 151.00000000, 181.00000000, 212.00000000, 243.00000000, 273.00000000, 304.00000000, 334.00000000, 365.00000000,  80.070, 173.501,  365
       0,     1018,  31.00000000,  28.00000000,  31.00000000,  30.00000000,  31.00000000,  30.00000000,  31.00000000,  31.00000000,  30.00000000,  31.00000000,  30.00000000,  31.00000000,  15.50000000,  45.00000000,  74.50000000, 105.00000000, 135.50000000, 166.00000000, 196.50000000, 227.50000000, 258.00000000, 288.50000000, 319.00000000, 349.50000000,   0.00000000,  31.00000000,  59.00000000,  90.00000000, 120.00000000, 151.00000000, 181.00000000, 212.00000000, 243.00000000, 273.00000000, 304.00000000, 334.00000000,  31.00000000,  59.00000000,  90.00000000, 120.00000000, 151.00000000, 181.00000000, 212.00000000, 243.00000000, 273.00000000, 304.00000000, 334.00000000, 365.00000000,  80.070, 173.501,  365
       0,     1019,  31.00000000,  28.00000000,  31.00000000,  30.00000000,  31.00000000,  30.00000000,  31.00000000,  31.00000000,  30.00000000,  31.00000000,  30.00000000,  31.00000000,  15.50000000,  45.00000000,  74.50000000, 105.00000000, 135.50000000, 166.00000000, 196.50000000, 227.50000000, 258.00000000, 288.50000000, 319.00000000, 349.50000000,   0.00000000,  31.00000000,  59.00000000,  90.00000000, 120.00000000, 151.00000000, 181.00000000, 212.00000000, 243.00000000, 273.00000000, 304.00000000, 334.00000000,  31.00000000,  59.00000000,  90.00000000, 120.00000000, 151.00000000, 181.00000000, 212.00000000, 243.00000000, 273.00000000, 304.00000000, 334.00000000, 365.00000000,  80.070, 173.500,  365
       0,     1020,  31.00000000,  29.00000000,  31.00000000,  30.00000000,  31.00000000,  30.00000000,  31.00000000,  31.00000000,  30.00000000,  31.00000000,  30.00000000,  31.00000000,  15.50000000,  45.50000000,  75.50000000, 106.00000000, 136.50000000, 167.00000000, 197.50000000, 228.50000000, 259.00000000, 289.50000000, 320.00000000, 350.50000000,   0.00000000,  31.00000000,  60.00000000,  91.00000000, 121.00000000, 152.00000000, 182.00000000, 213.00000000, 244.00000000, 274.00000000, 305.00000000, 335.00000000,  31.00000000,  60.00000000,  91.00000000, 121.00000000, 152.00000000, 182.00000000, 213.00000000, 244.00000000, 274.00000000, 305.00000000, 335.00000000, 366.00000000,  81.070, 174.500,  366
       0,     1021,  31.00000000,  28.00000000,  31.00000000,  30.00000000,  31.00000000,  30.00000000,  31.00000000,  31.00000000,  30.00000000,  31.00000000,  30.00000000,  31.00000000,  15.50000000,  45.00000000,  74.50000000, 105.00000000, 135.50000000, 166.00000000, 196.50000000, 227.50000000, 258.00000000, 288.50000000, 319.00000000, 349.50000000,   0.00000000,  31.00000000,  59.00000000,  90.00000000, 120.00000000, 151.00000000, 181.00000000, 212.00000000, 243.00000000, 273.00000000, 304.00000000, 334.00000000,  31.00000000,  59.00000000,  90.00000000, 120.00000000, 151.00000000, 181.00000000, 212.00000000, 243.00000000, 273.00000000, 304.00000000, 334.00000000, 365.00000000,  80.070, 173.499,  365
       0,     1022,  31.00000000,  28.00000000,  31.00000000,  30.00000000,  31.00000000,  30.00000000,  31.00000000,  31.00000000,  30.00000000,  31.00000000,  30.00000000,  31.00000000,  15.50000000,  45.00000000,  74.50000000, 105.00000000, 135.50000000, 166.00000000, 196.50000000, 227.50000000, 258.00000000, 288.50000000, 319.00000000, 349.50000000,   0.00000000,  31.00000000,  59.00000000,  90.00000000, 120.00000000, 151.00000000, 181.00000000, 212.00000000, 243.00000000, 273.00000000, 304.00000000, 334.00000000,  31.00000000,  59.00000000,  90.00000000, 120.00000000, 151.00000000, 181.00000000, 212.00000000, 243.00000000, 273.00000000, 304.00000000, 334.00000000, 365.00000000,  80.070, 173.499,  365
       0,     1023,  31.00000000,  28.00000000,  31.00000000,  30.00000000,  31.00000000,  30.00000000,  31.00000000,  31.00000000,  30.00000000,  31.00000000,  30.00000000,  31.00000000,  15.50000000,  45.00000000,  74.50000000, 105.00000000, 135.50000000, 166.00000000, 196.50000000, 227.50000000, 258.00000000, 288.50000000, 319.00000000, 349.50000000,   0.00000000,  31.00000000,  59.00000000,  90.00000000, 120.00000000, 151.00000000, 181.00000000, 212.00000000, 243.00000000, 273.00000000, 304.00000000, 334.00000000,  31.00000000,  59.00000000,  90.00000000, 120.00000000, 151.00000000, 181.00000000, 212.00000000, 243.00000000, 273.00000000, 304.00000000, 334.00000000, 365.00000000,  80.070, 173.498,  365
       0,     1024,  31.00000000,  29.00000000,  31.00000000,  30.00000000,  31.00000000,  30.00000000,  31.00000000,  31.00000000,  30.00000000,  31.00000000,  30.00000000,  31.00000000,  15.50000000,  45.50000000,  75.50000000, 106.00000000, 136.50000000, 167.00000000, 197.50000000, 228.50000000, 259.00000000, 289.50000000, 320.00000000, 350.50000000,   0.00000000,  31.00000000,  60.00000000,  91.00000000, 121.00000000, 152.00000000, 182.00000000, 213.00000000, 244.00000000, 274.00000000, 305.00000000, 335.00000000,  31.00000000,  60.00000000,  91.00000000, 121.00000000, 152.00000000, 182.00000000, 213.00000000, 244.00000000, 274.00000000, 305.00000000, 335.00000000, 366.00000000,  81.070, 174.497,  366
       0,     1025,  31.00000000,  28.00000000,  31.00000000,  30.00000000,  31.00000000,  30.00000000,  31.00000000,  31.00000000,  30.00000000,  31.00000000,  30.00000000,  31.00000000,  15.50000000,  45.00000000,  74.50000000, 105.00000000, 135.50000000, 166.00000000, 196.50000000, 227.50000000, 258.00000000, 288.50000000, 319.00000000, 349.50000000,   0.00000000,  31.00000000,  59.00000000,  90.00000000, 120.00000000, 151.00000000, 181.00000000, 212.00000000, 243.00000000, 273.00000000, 304.00000000, 334.00000000,  31.00000000,  59.00000000,  90.00000000, 120.00000000, 151.00000000, 181.00000000, 212.00000000, 243.00000000, 273.00000000, 304.00000000, 334.00000000, 365.00000000,  80.070, 173.497,  365
       0,     1026,  31.00000000,  28.00000000,  31.00000000,  30.00000000,  31.00000000,  30.00000000,  31.00000000,  31.00000000,  30.00000000,  31.00000000,  30.00000000,  31.00000000,  15.50000000,  45.00000000,  74.50000000, 105.00000000, 135.50000000, 166.00000000, 196.50000000, 227.50000000, 258.00000000, 288.50000000, 319.00000000, 349.50000000,   0.00000000,  31.00000000,  59.00000000,  90.00000000, 120.00000000, 151.00000000, 181.00000000, 212.00000000, 243.00000000, 273.00000000, 304.00000000, 334.00000000,  31.00000000,  59.00000000,  90.00000000, 120.00000000, 151.00000000, 181.00000000, 212.00000000, 243.00000000, 273.00000000, 304.00000000, 334.00000000, 365.00000000,  80.070, 173.496,  365
       0,     1027,  31.00000000,  28.00000000,  31.00000000,  30.00000000,  31.00000000,  30.00000000,  31.00000000,  31.00000000,  30.00000000,  31.00000000,  30.00000000,  31.00000000,  15.50000000,  45.00000000,  74.50000000, 105.00000000, 135.50000000, 166.00000000, 196.50000000, 227.50000000, 258.00000000, 288.50000000, 319.00000000, 349.50000000,   0.00000000,  31.00000000,  59.00000000,  90.00000000, 120.00000000, 151.00000000, 181.00000000, 212.00000000, 243.00000000, 273.00000000, 304.00000000, 334.00000000,  31.00000000,  59.00000000,  90.00000000, 120.00000000, 151.00000000, 181.00000000, 212.00000000, 243.00000000, 273.00000000, 304.00000000, 334.00000000, 365.00000000,  80.070, 173.495,  365
       0,     1028,  31.00000000,  29.00000000,  31.00000000,  30.00000000,  31.00000000,  30.00000000,  31.00000000,  31.00000000,  30.00000000,  31.00000000,  30.00000000,  31.00000000,  15.50000000,  45.50000000,  75.50000000, 106.00000000, 136.50000000, 167.00000000, 197.50000000, 228.50000000, 259.00000000, 289.50000000, 320.00000000, 350.50000000,   0.00000000,  31.00000000,  60.00000000,  91.00000000, 121.00000000, 152.00000000, 182.00000000, 213.00000000, 244.00000000, 274.00000000, 305.00000000, 335.00000000,  31.00000000,  60.00000000,  91.00000000, 121.00000000, 152.00000000, 182.00000000, 213.00000000, 244.00000000, 274.00000000, 305.00000000, 335.00000000, 366.00000000,  81.070, 174.494,  366
       0,     1029,  31.00000000,  28.00000000,  31.00000000,  30.00000000,  31.00000000,  30.00000000,  31.00000000,  31.00000000,  30.00000000,  31.00000000,  30.00000000,  31.00000000,  15.50000000,  45.00000000,  74.50000000, 105.00000000, 135.50000000, 166.00000000, 196.50000000, 227.50000000, 258.00000000, 288.50000000, 319.00000000, 349.50000000,   0.00000000,  31.00000000,  59.00000000,  90.00000000, 120.00000000, 151.00000000, 181.00000000, 212.00000000, 243.00000000, 273.00000000, 304.00000000, 334.00000000,  31.00000000,  59.00000000,  90.00000000, 120.00000000, 151.00000000, 181.00000000, 212.00000000, 243.00000000, 273.00000000, 304.00000000, 334.00000000, 365.00000000,  80.070, 173.494,  365
       0,     1030,  31.00000000,  28.00000000,  31.00000000,  30.00000000,  31.00000000,  30.00000000,  31.00000000,  31.00000000,  30.00000000,  31.00000000,  30.00000000,  31.00000000,  15.50000000,  45.00000000,  74.50000000, 105.00000000, 135.50000000, 166.00000000, 196.50000000, 227.50000000, 258.00000000, 288.50000000, 319.00000000, 349.50000000,   0.00000000,  31.00000000,  59.00000000,  90.00000000, 120.00000000, 151.00000000, 181.00000000, 212.00000000, 243.00000000, 273.00000000, 304.00000000, 334.00000000,  31.00000000,  59.00000000,  90.00000000, 120.00000000, 151.00000000, 181.00000000, 212.00000000, 243.00000000, 273.00000000, 304.00000000, 334.00000000, 365.00000000,  80.070, 173.494,  365
       0,     1031,  31.00000000,  28.00000000,  31.00000000,  30.00000000,  31.00000000,  30.00000000,  31.00000000,  31.00000000,  30.00000000,  31.00000000,  30.00000000,  31.00000000,  15.50000000,  45.00000000,  74.50000000, 105.00000000, 135.50000000, 166.00000000, 196.50000000, 227.50000000, 258.00000000, 288.50000000, 319.00000000, 349.50000000,   0.00000000,  31.00000000,  59.00000000,  90.00000000, 120.00000000, 151.00000000, 181.00000000, 212.00000000, 243.00000000, 273.00000000, 304.00000000, 334.00000000,  31.00000000,  59.00000000,  90.00000000, 120.00000000, 151.00000000, 181.00000000, 212.00000000, 243.00000000, 273.00000000, 304.00000000, 334.00000000, 365.00000000,  80.070, 173.493,  365
       0,     1032,  31.00000000,  29.00000000,  31.00000000,  30.00000000,  31.00000000,  30.00000000,  31.00000000,  31.00000000,  30.00000000,  31.00000000,  30.00000000,  31.00000000,  15.50000000,  45.50000000,  75.50000000, 106.00000000, 136.50000000, 167.00000000, 197.50000000, 228.50000000, 259.00000000, 289.50000000, 320.00000000, 350.50000000,   0.00000000,  31.00000000,  60.00000000,  91.00000000, 121.00000000, 152.00000000, 182.00000000, 213.00000000, 244.00000000, 274.00000000, 305.00000000, 335.00000000,  31.00000000,  60.00000000,  91.00000000, 121.00000000, 152.00000000, 182.00000000, 213.00000000, 244.00000000, 274.00000000, 305.00000000, 335.00000000, 366.00000000,  81.070, 174.492,  366
       0,     1033,  31.00000000,  28.00000000,  31.00000000,  30.00000000,  31.00000000,  30.00000000,  31.00000000,  31.00000000,  30.00000000,  31.00000000,  30.00000000,  31.00000000,  15.50000000,  45.00000000,  74.50000000, 105.00000000, 135.50000000, 166.00000000, 196.50000000, 227.50000000, 258.00000000, 288.50000000, 319.00000000, 349.50000000,   0.00000000,  31.00000000,  59.00000000,  90.00000000, 120.00000000, 151.00000000, 181.00000000, 212.00000000, 243.00000000, 273.00000000, 304.00000000, 334.00000000,  31.00000000,  59.00000000,  90.00000000, 120.00000000, 151.00000000, 181.00000000, 212.00000000, 243.00000000, 273.00000000, 304.00000000, 334.00000000, 365.00000000,  80.070, 173.492,  365
       0,     1034,  31.00000000,  28.00000000,  31.00000000,  30.00000000,  31.00000000,  30.00000000,  31.00000000,  31.00000000,  30.00000000,  31.00000000,  30.00000000,  31.00000000,  15.50000000,  45.00000000,  74.50000000, 105.00000000, 135.50000000, 166.00000000, 196.50000000, 227.50000000, 258.00000000, 288.50000000, 319.00000000, 349.50000000,   0.00000000,  31.00000000,  59.00000000,  90.00000000, 120.00000000, 151.00000000, 181.00000000, 212.00000000, 243.00000000, 273.00000000, 304.00000000, 334.00000000,  31.00000000,  59.00000000,  90.00000000, 120.00000000, 151.00000000, 181.00000000, 212.00000000, 243.00000000, 273.00000000, 304.00000000, 334.00000000, 365.00000000,  80.070, 173.491,  365
       0,     1035,  31.00000000,  28.00000000,  31.00000000,  30.00000000,  31.00000000,  30.00000000,  31.00000000,  31.00000000,  30.00000000,  31.00000000,  30.00000000,  31.00000000,  15.50000000,  45.00000000,  74.50000000, 105.00000000, 135.50000000, 166.00000000, 196.50000000, 227.50000000, 258.00000000, 288.50000000, 319.00000000, 349.50000000,   0.00000000,  31.00000000,  59.00000000,  90.00000000, 120.00000000, 151.00000000, 181.00000000, 212.00000000, 243.00000000, 273.00000000, 304.00000000, 334.00000000,  31.00000000,  59.00000000,  90.00000000, 120.00000000, 151.00000000, 181.00000000, 212.00000000, 243.00000000, 273.00000000, 304.00000000, 334.00000000, 365.00000000,  80.070, 173.490,  365
       0,     1036,  31.00000000,  29.00000000,  31.00000000,  30.00000000,  31.00000000,  30.00000000,  31.00000000,  31.00000000,  30.00000000,  31.00000000,  30.00000000,  31.00000000,  15.50000000,  45.50000000,  75.50000000, 106.00000000, 136.50000000, 167.00000000, 197.50000000, 228.50000000, 259.00000000, 289.50000000, 320.00000000, 350.50000000,   0.00000000,  31.00000000,  60.00000000,  91.00000000, 121.00000000, 152.00000000, 182.00000000, 213.00000000, 244.00000000, 274.00000000, 305.00000000, 335.00000000,  31.00000000,  60.00000000,  91.00000000, 121.00000000, 152.00000000, 182.00000000, 213.00000000, 244.00000000, 274.00000000, 305.00000000, 335.00000000, 366.00000000,  81.070, 174.490,  366
       0,     1037,  31.00000000,  28.00000000,  31.00000000,  30.00000000,  31.00000000,  30.00000000,  31.00000000,  31.00000000,  30.00000000,  31.00000000,  30.00000000,  31.00000000,  15.50000000,  45.00000000,  74.50000000, 105.00000000, 135.50000000, 166.00000000, 196.50000000, 227.50000000, 258.00000000, 288.50000000, 319.00000000, 349.50000000,   0.00000000,  31.00000000,  59.00000000,  90.00000000, 120.00000000, 151.00000000, 181.00000000, 212.00000000, 243.00000000, 273.00000000, 304.00000000, 334.00000000,  31.00000000,  59.00000000,  90.00000000, 120.00000000, 151.00000000, 181.00000000, 212.00000000, 243.00000000, 273.00000000, 304.00000000, 334.00000000, 365.00000000,  80.070, 173.490,  365
       0,     1038,  31.00000000,  28.00000000,  31.00000000,  30.00000000,  31.00000000,  30.00000000,  31.00000000,  31.00000000,  30.00000000,  31.00000000,  30.00000000,  31.00000000,  15.50000000,  45.00000000,  74.50000000, 105.00000000, 135.50000000, 166.00000000, 196.50000000, 227.50000000, 258.00000000, 288.50000000, 319.00000000, 349.50000000,   0.00000000,  31.00000000,  59.00000000,  90.00000000, 120.00000000, 151.00000000, 181.00000000, 212.00000000, 243.00000000, 273.00000000, 304.00000000, 334.00000000,  31.00000000,  59.00000000,  90.00000000, 120.00000000, 151.00000000, 181.00000000, 212.00000000, 243.00000000, 273.00000000, 304.00000000, 334.00000000, 365.00000000,  80.070, 173.489,  365
       0,     1039,  31.00000000,  28.00000000,  31.00000000,  30.00000000,  31.00000000,  30.00000000,  31.00000000,  31.00000000,  30.00000000,  31.00000000,  30.00000000,  31.00000000,  15.50000000,  45.00000000,  74.50000000, 105.00000000, 135.50000000, 166.00000000, 196.50000000, 227.50000000, 258.00000000, 288.50000000, 319.00000000, 349.50000000,   0.00000000,  31.00000000,  59.00000000,  90.00000000, 120.00000000, 151.00000000, 181.00000000, 212.00000000, 243.00000000, 273.00000000, 304.00000000, 334.00000000,  31.00000000,  59.00000000,  90.00000000, 120.00000000, 151.00000000, 181.00000000, 212.00000000, 243.00000000, 273.00000000, 304.00000000, 334.00000000, 365.00000000,  80.070, 173.488,  365
       0,     1040,  31.00000000,  29.00000000,  31.00000000,  30.00000000,  31.00000000,  30.00000000,  31.00000000,  31.00000000,  30.00000000,  31.00000000,  30.00000000,  31.00000000,  15.50000000,  45.50000000,  75.50000000, 106.00000000, 136.50000000, 167.00000000, 197.50000000, 228.50000000, 259.00000000, 289.50000000, 320.00000000, 350.50000000,   0.00000000,  31.00000000,  60.00000000,  91.00000000, 121.00000000, 152.00000000, 182.00000000, 213.00000000, 244.00000000, 274.00000000, 305.00000000, 335.00000000,  31.00000000,  60.00000000,  91.00000000, 121.00000000, 152.00000000, 182.00000000, 213.00000000, 244.00000000, 274.00000000, 305.00000000, 335.00000000, 366.00000000,  81.070, 174.488,  366
       0,     1041,  31.00000000,  28.00000000,  31.00000000,  30.00000000,  31.00000000,  30.00000000,  31.00000000,  31.00000000,  30.00000000,  31.00000000,  30.00000000,  31.00000000,  15.50000000,  45.00000000,  74.50000000, 105.00000000, 135.50000000, 166.00000000, 196.50000000, 227.50000000, 258.00000000, 288.50000000, 319.00000000, 349.50000000,   0.00000000,  31.00000000,  59.00000000,  90.00000000, 120.00000000, 151.00000000, 181.00000000, 212.00000000, 243.00000000, 273.00000000, 304.00000000, 334.00000000,  31.00000000,  59.00000000,  90.00000000, 120.00000000, 151.00000000, 181.00000000, 212.00000000, 243.00000000, 273.00000000, 304.00000000, 334.00000000, 365.00000000,  80.070, 173.487,  365
       0,     1042,  31.00000000,  28.00000000,  31.00000000,  30.00000000,  31.00000000,  30.00000000,  31.00000000,  31.00000000,  30.00000000,  31.00000000,  30.00000000,  31.00000000,  15.50000000,  45.00000000,  74.50000000, 105.00000000, 135.50000000, 166.00000000, 196.50000000, 227.50000000, 258.00000000, 288.50000000, 319.00000000, 349.50000000,   0.00000000,  31.00000000,  59.00000000,  90.00000000, 120.00000000, 151.00000000, 181.00000000, 212.00000000, 243.00000000, 273.00000000, 304.00000000, 334.00000000,  31.00000000,  59.00000000,  90.00000000, 120.00000000, 151.00000000, 181.00000000, 212.00000000, 243.00000000, 273.00000000, 304.00000000, 334.00000000, 365.00000000,  80.070, 173.486,  365
       0,     1043,  31.00000000,  28.00000000,  31.00000000,  30.00000000,  31.00000000,  30.00000000,  31.00000000,  31.00000000,  30.00000000,  31.00000000,  30.00000000,  31.00000000,  15.50000000,  45.00000000,  74.50000000, 105.00000000, 135.50000000, 166.00000000, 196.50000000, 227.50000000, 258.00000000, 288.50000000, 319.00000000, 349.50000000,   0.00000000,  31.00000000,  59.00000000,  90.00000000, 120.00000000, 151.00000000, 181.00000000, 212.00000000, 243.00000000, 273.00000000, 304.00000000, 334.00000000,  31.00000000,  59.00000000,  90.00000000, 120.00000000, 151.00000000, 181.00000000, 212.00000000, 243.00000000, 273.00000000, 304.00000000, 334.00000000, 365.00000000,  80.070, 173.485,  365
       0,     1044,  31.00000000,  29.00000000,  31.00000000,  30.00000000,  31.00000000,  30.00000000,  31.00000000,  31.00000000,  30.00000000,  31.00000000,  30.00000000,  31.00000000,  15.50000000,  45.50000000,  75.50000000, 106.00000000, 136.50000000, 167.00000000, 197.50000000, 228.50000000, 259.00000000, 289.50000000, 320.00000000, 350.50000000,   0.00000000,  31.00000000,  60.00000000,  91.00000000, 121.00000000, 152.00000000, 182.00000000, 213.00000000, 244.00000000, 274.00000000, 305.00000000, 335.00000000,  31.00000000,  60.00000000,  91.00000000, 121.00000000, 152.00000000, 182.00000000, 213.00000000, 244.00000000, 274.00000000, 305.00000000, 335.00000000, 366.00000000,  81.070, 174.485,  366
       0,     1045,  31.00000000,  28.00000000,  31.00000000,  30.00000000,  31.00000000,  30.00000000,  31.00000000,  31.00000000,  30.00000000,  31.00000000,  30.00000000,  31.00000000,  15.50000000,  45.00000000,  74.50000000, 105.00000000, 135.50000000, 166.00000000, 196.50000000, 227.50000000, 258.00000000, 288.50000000, 319.00000000, 349.50000000,   0.00000000,  31.00000000,  59.00000000,  90.00000000, 120.00000000, 151.00000000, 181.00000000, 212.00000000, 243.00000000, 273.00000000, 304.00000000, 334.00000000,  31.00000000,  59.00000000,  90.00000000, 120.00000000, 151.00000000, 181.00000000, 212.00000000, 243.00000000, 273.00000000, 304.00000000, 334.00000000, 365.00000000,  80.070, 173.484,  365
       0,     1046,  31.00000000,  28.00000000,  31.00000000,  30.00000000,  31.00000000,  30.00000000,  31.00000000,  31.00000000,  30.00000000,  31.00000000,  30.00000000,  31.00000000,  15.50000000,  45.00000000,  74.50000000, 105.00000000, 135.50000000, 166.00000000, 196.50000000, 227.50000000, 258.00000000, 288.50000000, 319.00000000, 349.50000000,   0.00000000,  31.00000000,  59.00000000,  90.00000000, 120.00000000, 151.00000000, 181.00000000, 212.00000000, 243.00000000, 273.00000000, 304.00000000, 334.00000000,  31.00000000,  59.00000000,  90.00000000, 120.00000000, 151.00000000, 181.00000000, 212.00000000, 243.00000000, 273.00000000, 304.00000000, 334.00000000, 365.00000000,  80.070, 173.484,  365
       0,     1047,  31.00000000,  28.00000000,  31.00000000,  30.00000000,  31.00000000,  30.00000000,  31.00000000,  31.00000000,  30.00000000,  31.00000000,  30.00000000,  31.00000000,  15.50000000,  45.00000000,  74.50000000, 105.00000000, 135.50000000, 166.00000000, 196.50000000, 227.50000000, 258.00000000, 288.50000000, 319.00000000, 349.50000000,   0.00000000,  31.00000000,  59.00000000,  90.00000000, 120.00000000, 151.00000000, 181.00000000, 212.00000000, 243.00000000, 273.00000000, 304.00000000, 334.00000000,  31.00000000,  59.00000000,  90.00000000, 120.00000000, 151.00000000, 181.00000000, 212.00000000, 243.00000000, 273.00000000, 304.00000000, 334.00000000, 365.00000000,  80.070, 173.483,  365
       0,     1048,  31.00000000,  29.00000000,  31.00000000,  30.00000000,  31.00000000,  30.00000000,  31.00000000,  31.00000000,  30.00000000,  31.00000000,  30.00000000,  31.00000000,  15.50000000,  45.50000000,  75.50000000, 106.00000000, 136.50000000, 167.00000000, 197.50000000, 228.50000000, 259.00000000, 289.50000000, 320.00000000, 350.50000000,   0.00000000,  31.00000000,  60.00000000,  91.00000000, 121.00000000, 152.00000000, 182.00000000, 213.00000000, 244.00000000, 274.00000000, 305.00000000, 335.00000000,  31.00000000,  60.00000000,  91.00000000, 121.00000000, 152.00000000, 182.00000000, 213.00000000, 244.00000000, 274.00000000, 305.00000000, 335.00000000, 366.00000000,  81.070, 174.483,  366
       0,     1049,  31.00000000,  28.00000000,  31.00000000,  30.00000000,  31.00000000,  30.00000000,  31.00000000,  31.00000000,  30.00000000,  31.00000000,  30.00000000,  31.00000000,  15.50000000,  45.00000000,  74.50000000, 105.00000000, 135.50000000, 166.00000000, 196.50000000, 227.50000000, 258.00000000, 288.50000000, 319.00000000, 349.50000000,   0.00000000,  31.00000000,  59.00000000,  90.00000000, 120.00000000, 151.00000000, 181.00000000, 212.00000000, 243.00000000, 273.00000000, 304.00000000, 334.00000000,  31.00000000,  59.00000000,  90.00000000, 120.00000000, 151.00000000, 181.00000000, 212.00000000, 243.00000000, 273.00000000, 304.00000000, 334.00000000, 365.00000000,  80.070, 173.482,  365
       0,     1050,  31.00000000,  28.00000000,  31.00000000,  30.00000000,  31.00000000,  30.00000000,  31.00000000,  31.00000000,  30.00000000,  31.00000000,  30.00000000,  31.00000000,  15.50000000,  45.00000000,  74.50000000, 105.00000000, 135.50000000, 166.00000000, 196.50000000, 227.50000000, 258.00000000, 288.50000000, 319.00000000, 349.50000000,   0.00000000,  31.00000000,  59.00000000,  90.00000000, 120.00000000, 151.00000000, 181.00000000, 212.00000000, 243.00000000, 273.00000000, 304.00000000, 334.00000000,  31.00000000,  59.00000000,  90.00000000, 120.00000000, 151.00000000, 181.00000000, 212.00000000, 243.00000000, 273.00000000, 304.00000000, 334.00000000, 365.00000000,  80.070, 173.481,  365
       0,     1051,  31.00000000,  28.00000000,  31.00000000,  30.00000000,  31.00000000,  30.00000000,  31.00000000,  31.00000000,  30.00000000,  31.00000000,  30.00000000,  31.00000000,  15.50000000,  45.00000000,  74.50000000, 105.00000000, 135.50000000, 166.00000000, 196.50000000, 227.50000000, 258.00000000, 288.50000000, 319.00000000, 349.50000000,   0.00000000,  31.00000000,  59.00000000,  90.00000000, 120.00000000, 151.00000000, 181.00000000, 212.00000000, 243.00000000, 273.00000000, 304.00000000, 334.00000000,  31.00000000,  59.00000000,  90.00000000, 120.00000000, 151.00000000, 181.00000000, 212.00000000, 243.00000000, 273.00000000, 304.00000000, 334.00000000, 365.00000000,  80.070, 173.481,  365
       0,     1052,  31.00000000,  29.00000000,  31.00000000,  30.00000000,  31.00000000,  30.00000000,  31.00000000,  31.00000000,  30.00000000,  31.00000000,  30.00000000,  31.00000000,  15.50000000,  45.50000000,  75.50000000, 106.00000000, 136.50000000, 167.00000000, 197.50000000, 228.50000000, 259.00000000, 289.50000000, 320.00000000, 350.50000000,   0.00000000,  31.00000000,  60.00000000,  91.00000000, 121.00000000, 152.00000000, 182.00000000, 213.00000000, 244.00000000, 274.00000000, 305.00000000, 335.00000000,  31.00000000,  60.00000000,  91.00000000, 121.00000000, 152.00000000, 182.00000000, 213.00000000, 244.00000000, 274.00000000, 305.00000000, 335.00000000, 366.00000000,  81.070, 174.480,  366
       0,     1053,  31.00000000,  28.00000000,  31.00000000,  30.00000000,  31.00000000,  30.00000000,  31.00000000,  31.00000000,  30.00000000,  31.00000000,  30.00000000,  31.00000000,  15.50000000,  45.00000000,  74.50000000, 105.00000000, 135.50000000, 166.00000000, 196.50000000, 227.50000000, 258.00000000, 288.50000000, 319.00000000, 349.50000000,   0.00000000,  31.00000000,  59.00000000,  90.00000000, 120.00000000, 151.00000000, 181.00000000, 212.00000000, 243.00000000, 273.00000000, 304.00000000, 334.00000000,  31.00000000,  59.00000000,  90.00000000, 120.00000000, 151.00000000, 181.00000000, 212.00000000, 243.00000000, 273.00000000, 304.00000000, 334.00000000, 365.00000000,  80.070, 173.479,  365
       0,     1054,  31.00000000,  28.00000000,  31.00000000,  30.00000000,  31.00000000,  30.00000000,  31.00000000,  31.00000000,  30.00000000,  31.00000000,  30.00000000,  31.00000000,  15.50000000,  45.00000000,  74.50000000, 105.00000000, 135.50000000, 166.00000000, 196.50000000, 227.50000000, 258.00000000, 288.50000000, 319.00000000, 349.50000000,   0.00000000,  31.00000000,  59.00000000,  90.00000000, 120.00000000, 151.00000000, 181.00000000, 212.00000000, 243.00000000, 273.00000000, 304.00000000, 334.00000000,  31.00000000,  59.00000000,  90.00000000, 120.00000000, 151.00000000, 181.00000000, 212.00000000, 243.00000000, 273.00000000, 304.00000000, 334.00000000, 365.00000000,  80.070, 173.478,  365
       0,     1055,  31.00000000,  28.00000000,  31.00000000,  30.00000000,  31.00000000,  30.00000000,  31.00000000,  31.00000000,  30.00000000,  31.00000000,  30.00000000,  31.00000000,  15.50000000,  45.00000000,  74.50000000, 105.00000000, 135.50000000, 166.00000000, 196.50000000, 227.50000000, 258.00000000, 288.50000000, 319.00000000, 349.50000000,   0.00000000,  31.00000000,  59.00000000,  90.00000000, 120.00000000, 151.00000000, 181.00000000, 212.00000000, 243.00000000, 273.00000000, 304.00000000, 334.00000000,  31.00000000,  59.00000000,  90.00000000, 120.00000000, 151.00000000, 181.00000000, 212.00000000, 243.00000000, 273.00000000, 304.00000000, 334.00000000, 365.00000000,  80.070, 173.478,  365
       0,     1056,  31.00000000,  29.00000000,  31.00000000,  30.00000000,  31.00000000,  30.00000000,  31.00000000,  31.00000000,  30.00000000,  31.00000000,  30.00000000,  31.00000000,  15.50000000,  45.50000000,  75.50000000, 106.00000000, 136.50000000, 167.00000000, 197.50000000, 228.50000000, 259.00000000, 289.50000000, 320.00000000, 350.50000000,   0.00000000,  31.00000000,  60.00000000,  91.00000000, 121.00000000, 152.00000000, 182.00000000, 213.00000000, 244.00000000, 274.00000000, 305.00000000, 335.00000000,  31.00000000,  60.00000000,  91.00000000, 121.00000000, 152.00000000, 182.00000000, 213.00000000, 244.00000000, 274.00000000, 305.00000000, 335.00000000, 366.00000000,  81.070, 174.478,  366
       0,     1057,  31.00000000,  28.00000000,  31.00000000,  30.00000000,  31.00000000,  30.00000000,  31.00000000,  31.00000000,  30.00000000,  31.00000000,  30.00000000,  31.00000000,  15.50000000,  45.00000000,  74.50000000, 105.00000000, 135.50000000, 166.00000000, 196.50000000, 227.50000000, 258.00000000, 288.50000000, 319.00000000, 349.50000000,   0.00000000,  31.00000000,  59.00000000,  90.00000000, 120.00000000, 151.00000000, 181.00000000, 212.00000000, 243.00000000, 273.00000000, 304.00000000, 334.00000000,  31.00000000,  59.00000000,  90.00000000, 120.00000000, 151.00000000, 181.00000000, 212.00000000, 243.00000000, 273.00000000, 304.00000000, 334.00000000, 365.00000000,  80.070, 173.477,  365
       0,     1058,  31.00000000,  28.00000000,  31.00000000,  30.00000000,  31.00000000,  30.00000000,  31.00000000,  31.00000000,  30.00000000,  31.00000000,  30.00000000,  31.00000000,  15.50000000,  45.00000000,  74.50000000, 105.00000000, 135.50000000, 166.00000000, 196.50000000, 227.50000000, 258.00000000, 288.50000000, 319.00000000, 349.50000000,   0.00000000,  31.00000000,  59.00000000,  90.00000000, 120.00000000, 151.00000000, 181.00000000, 212.00000000, 243.00000000, 273.00000000, 304.00000000, 334.00000000,  31.00000000,  59.00000000,  90.00000000, 120.00000000, 151.00000000, 181.00000000, 212.00000000, 243.00000000, 273.00000000, 304.00000000, 334.00000000, 365.00000000,  80.070, 173.476,  365
       0,     1059,  31.00000000,  28.00000000,  31.00000000,  30.00000000,  31.00000000,  30.00000000,  31.00000000,  31.00000000,  30.00000000,  31.00000000,  30.00000000,  31.00000000,  15.50000000,  45.00000000,  74.50000000, 105.00000000, 135.50000000, 166.00000000, 196.50000000, 227.50000000, 258.00000000, 288.50000000, 319.00000000, 349.50000000,   0.00000000,  31.00000000,  59.00000000,  90.00000000, 120.00000000, 151.00000000, 181.00000000, 212.00000000, 243.00000000, 273.00000000, 304.00000000, 334.00000000,  31.00000000,  59.00000000,  90.00000000, 120.00000000, 151.00000000, 181.00000000, 212.00000000, 243.00000000, 273.00000000, 304.00000000, 334.00000000, 365.00000000,  80.070, 173.476,  365
       0,     1060,  31.00000000,  29.00000000,  31.00000000,  30.00000000,  31.00000000,  30.00000000,  31.00000000,  31.00000000,  30.00000000,  31.00000000,  30.00000000,  31.00000000,  15.50000000,  45.50000000,  75.50000000, 106.00000000, 136.50000000, 167.00000000, 197.50000000, 228.50000000, 259.00000000, 289.50000000, 320.00000000, 350.50000000,   0.00000000,  31.00000000,  60.00000000,  91.00000000, 121.00000000, 152.00000000, 182.00000000, 213.00000000, 244.00000000, 274.00000000, 305.00000000, 335.00000000,  31.00000000,  60.00000000,  91.00000000, 121.00000000, 152.00000000, 182.00000000, 213.00000000, 244.00000000, 274.00000000, 305.00000000, 335.00000000, 366.00000000,  81.070, 174.475,  366
       0,     1061,  31.00000000,  28.00000000,  31.00000000,  30.00000000,  31.00000000,  30.00000000,  31.00000000,  31.00000000,  30.00000000,  31.00000000,  30.00000000,  31.00000000,  15.50000000,  45.00000000,  74.50000000, 105.00000000, 135.50000000, 166.00000000, 196.50000000, 227.50000000, 258.00000000, 288.50000000, 319.00000000, 349.50000000,   0.00000000,  31.00000000,  59.00000000,  90.00000000, 120.00000000, 151.00000000, 181.00000000, 212.00000000, 243.00000000, 273.00000000, 304.00000000, 334.00000000,  31.00000000,  59.00000000,  90.00000000, 120.00000000, 151.00000000, 181.00000000, 212.00000000, 243.00000000, 273.00000000, 304.00000000, 334.00000000, 365.00000000,  80.070, 173.474,  365
       0,     1062,  31.00000000,  28.00000000,  31.00000000,  30.00000000,  31.00000000,  30.00000000,  31.00000000,  31.00000000,  30.00000000,  31.00000000,  30.00000000,  31.00000000,  15.50000000,  45.00000000,  74.50000000, 105.00000000, 135.50000000, 166.00000000, 196.50000000, 227.50000000, 258.00000000, 288.50000000, 319.00000000, 349.50000000,   0.00000000,  31.00000000,  59.00000000,  90.00000000, 120.00000000, 151.00000000, 181.00000000, 212.00000000, 243.00000000, 273.00000000, 304.00000000, 334.00000000,  31.00000000,  59.00000000,  90.00000000, 120.00000000, 151.00000000, 181.00000000, 212.00000000, 243.00000000, 273.00000000, 304.00000000, 334.00000000, 365.00000000,  80.070, 173.474,  365
       0,     1063,  31.00000000,  28.00000000,  31.00000000,  30.00000000,  31.00000000,  30.00000000,  31.00000000,  31.00000000,  30.00000000,  31.00000000,  30.00000000,  31.00000000,  15.50000000,  45.00000000,  74.50000000, 105.00000000, 135.50000000, 166.00000000, 196.50000000, 227.50000000, 258.00000000, 288.50000000, 319.00000000, 349.50000000,   0.00000000,  31.00000000,  59.00000000,  90.00000000, 120.00000000, 151.00000000, 181.00000000, 212.00000000, 243.00000000, 273.00000000, 304.00000000, 334.00000000,  31.00000000,  59.00000000,  90.00000000, 120.00000000, 151.00000000, 181.00000000, 212.00000000, 243.00000000, 273.00000000, 304.00000000, 334.00000000, 365.00000000,  80.070, 173.473,  365
       0,     1064,  31.00000000,  29.00000000,  31.00000000,  30.00000000,  31.00000000,  30.00000000,  31.00000000,  31.00000000,  30.00000000,  31.00000000,  30.00000000,  31.00000000,  15.50000000,  45.50000000,  75.50000000, 106.00000000, 136.50000000, 167.00000000, 197.50000000, 228.50000000, 259.00000000, 289.50000000, 320.00000000, 350.50000000,   0.00000000,  31.00000000,  60.00000000,  91.00000000, 121.00000000, 152.00000000, 182.00000000, 213.00000000, 244.00000000, 274.00000000, 305.00000000, 335.00000000,  31.00000000,  60.00000000,  91.00000000, 121.00000000, 152.00000000, 182.00000000, 213.00000000, 244.00000000, 274.00000000, 305.00000000, 335.00000000, 366.00000000,  81.070, 174.472,  366
       0,     1065,  31.00000000,  28.00000000,  31.00000000,  30.00000000,  31.00000000,  30.00000000,  31.00000000,  31.00000000,  30.00000000,  31.00000000,  30.00000000,  31.00000000,  15.50000000,  45.00000000,  74.50000000, 105.00000000, 135.50000000, 166.00000000, 196.50000000, 227.50000000, 258.00000000, 288.50000000, 319.00000000, 349.50000000,   0.00000000,  31.00000000,  59.00000000,  90.00000000, 120.00000000, 151.00000000, 181.00000000, 212.00000000, 243.00000000, 273.00000000, 304.00000000, 334.00000000,  31.00000000,  59.00000000,  90.00000000, 120.00000000, 151.00000000, 181.00000000, 212.00000000, 243.00000000, 273.00000000, 304.00000000, 334.00000000, 365.00000000,  80.070, 173.472,  365
       0,     1066,  31.00000000,  28.00000000,  31.00000000,  30.00000000,  31.00000000,  30.00000000,  31.00000000,  31.00000000,  30.00000000,  31.00000000,  30.00000000,  31.00000000,  15.50000000,  45.00000000,  74.50000000, 105.00000000, 135.50000000, 166.00000000, 196.50000000, 227.50000000, 258.00000000, 288.50000000, 319.00000000, 349.50000000,   0.00000000,  31.00000000,  59.00000000,  90.00000000, 120.00000000, 151.00000000, 181.00000000, 212.00000000, 243.00000000, 273.00000000, 304.00000000, 334.00000000,  31.00000000,  59.00000000,  90.00000000, 120.00000000, 151.00000000, 181.00000000, 212.00000000, 243.00000000, 273.00000000, 304.00000000, 334.00000000, 365.00000000,  80.070, 173.472,  365
       0,     1067,  31.00000000,  28.00000000,  31.00000000,  30.00000000,  31.00000000,  30.00000000,  31.00000000,  31.00000000,  30.00000000,  31.00000000,  30.00000000,  31.00000000,  15.50000000,  45.00000000,  74.50000000, 105.00000000, 135.50000000, 166.00000000, 196.50000000, 227.50000000, 258.00000000, 288.50000000, 319.00000000, 349.50000000,   0.00000000,  31.00000000,  59.00000000,  90.00000000, 120.00000000, 151.00000000, 181.00000000, 212.00000000, 243.00000000, 273.00000000, 304.00000000, 334.00000000,  31.00000000,  59.00000000,  90.00000000, 120.00000000, 151.00000000, 181.00000000, 212.00000000, 243.00000000, 273.00000000, 304.00000000, 334.00000000, 365.00000000,  80.070, 173.471,  365
       0,     1068,  31.00000000,  29.00000000,  31.00000000,  30.00000000,  31.00000000,  30.00000000,  31.00000000,  31.00000000,  30.00000000,  31.00000000,  30.00000000,  31.00000000,  15.50000000,  45.50000000,  75.50000000, 106.00000000, 136.50000000, 167.00000000, 197.50000000, 228.50000000, 259.00000000, 289.50000000, 320.00000000, 350.50000000,   0.00000000,  31.00000000,  60.00000000,  91.00000000, 121.00000000, 152.00000000, 182.00000000, 213.00000000, 244.00000000, 274.00000000, 305.00000000, 335.00000000,  31.00000000,  60.00000000,  91.00000000, 121.00000000, 152.00000000, 182.00000000, 213.00000000, 244.00000000, 274.00000000, 305.00000000, 335.00000000, 366.00000000,  81.070, 174.470,  366
       0,     1069,  31.00000000,  28.00000000,  31.00000000,  30.00000000,  31.00000000,  30.00000000,  31.00000000,  31.00000000,  30.00000000,  31.00000000,  30.00000000,  31.00000000,  15.50000000,  45.00000000,  74.50000000, 105.00000000, 135.50000000, 166.00000000, 196.50000000, 227.50000000, 258.00000000, 288.50000000, 319.00000000, 349.50000000,   0.00000000,  31.00000000,  59.00000000,  90.00000000, 120.00000000, 151.00000000, 181.00000000, 212.00000000, 243.00000000, 273.00000000, 304.00000000, 334.00000000,  31.00000000,  59.00000000,  90.00000000, 120.00000000, 151.00000000, 181.00000000, 212.00000000, 243.00000000, 273.00000000, 304.00000000, 334.00000000, 365.00000000,  80.070, 173.469,  365
       0,     1070,  31.00000000,  28.00000000,  31.00000000,  30.00000000,  31.00000000,  30.00000000,  31.00000000,  31.00000000,  30.00000000,  31.00000000,  30.00000000,  31.00000000,  15.50000000,  45.00000000,  74.50000000, 105.00000000, 135.50000000, 166.00000000, 196.50000000, 227.50000000, 258.00000000, 288.50000000, 319.00000000, 349.50000000,   0.00000000,  31.00000000,  59.00000000,  90.00000000, 120.00000000, 151.00000000, 181.00000000, 212.00000000, 243.00000000, 273.00000000, 304.00000000, 334.00000000,  31.00000000,  59.00000000,  90.00000000, 120.00000000, 151.00000000, 181.00000000, 212.00000000, 243.00000000, 273.00000000, 304.00000000, 334.00000000, 365.00000000,  80.070, 173.469,  365
       0,     1071,  31.00000000,  28.00000000,  31.00000000,  30.00000000,  31.00000000,  30.00000000,  31.00000000,  31.00000000,  30.00000000,  31.00000000,  30.00000000,  31.00000000,  15.50000000,  45.00000000,  74.50000000, 105.00000000, 135.50000000, 166.00000000, 196.50000000, 227.50000000, 258.00000000, 288.50000000, 319.00000000, 349.50000000,   0.00000000,  31.00000000,  59.00000000,  90.00000000, 120.00000000, 151.00000000, 181.00000000, 212.00000000, 243.00000000, 273.00000000, 304.00000000, 334.00000000,  31.00000000,  59.00000000,  90.00000000, 120.00000000, 151.00000000, 181.00000000, 212.00000000, 243.00000000, 273.00000000, 304.00000000, 334.00000000, 365.00000000,  80.070, 173.468,  365
       0,     1072,  31.00000000,  29.00000000,  31.00000000,  30.00000000,  31.00000000,  30.00000000,  31.00000000,  31.00000000,  30.00000000,  31.00000000,  30.00000000,  31.00000000,  15.50000000,  45.50000000,  75.50000000, 106.00000000, 136.50000000, 167.00000000, 197.50000000, 228.50000000, 259.00000000, 289.50000000, 320.00000000, 350.50000000,   0.00000000,  31.00000000,  60.00000000,  91.00000000, 121.00000000, 152.00000000, 182.00000000, 213.00000000, 244.00000000, 274.00000000, 305.00000000, 335.00000000,  31.00000000,  60.00000000,  91.00000000, 121.00000000, 152.00000000, 182.00000000, 213.00000000, 244.00000000, 274.00000000, 305.00000000, 335.00000000, 366.00000000,  81.070, 174.467,  366
       0,     1073,  31.00000000,  28.00000000,  31.00000000,  30.00000000,  31.00000000,  30.00000000,  31.00000000,  31.00000000,  30.00000000,  31.00000000,  30.00000000,  31.00000000,  15.50000000,  45.00000000,  74.50000000, 105.00000000, 135.50000000, 166.00000000, 196.50000000, 227.50000000, 258.00000000, 288.50000000, 319.00000000, 349.50000000,   0.00000000,  31.00000000,  59.00000000,  90.00000000, 120.00000000, 151.00000000, 181.00000000, 212.00000000, 243.00000000, 273.00000000, 304.00000000, 334.00000000,  31.00000000,  59.00000000,  90.00000000, 120.00000000, 151.00000000, 181.00000000, 212.00000000, 243.00000000, 273.00000000, 304.00000000, 334.00000000, 365.00000000,  80.070, 173.467,  365
       0,     1074,  31.00000000,  28.00000000,  31.00000000,  30.00000000,  31.00000000,  30.00000000,  31.00000000,  31.00000000,  30.00000000,  31.00000000,  30.00000000,  31.00000000,  15.50000000,  45.00000000,  74.50000000, 105.00000000, 135.50000000, 166.00000000, 196.50000000, 227.50000000, 258.00000000, 288.50000000, 319.00000000, 349.50000000,   0.00000000,  31.00000000,  59.00000000,  90.00000000, 120.00000000, 151.00000000, 181.00000000, 212.00000000, 243.00000000, 273.00000000, 304.00000000, 334.00000000,  31.00000000,  59.00000000,  90.00000000, 120.00000000, 151.00000000, 181.00000000, 212.00000000, 243.00000000, 273.00000000, 304.00000000, 334.00000000, 365.00000000,  80.070, 173.467,  365
       0,     1075,  31.00000000,  28.00000000,  31.00000000,  30.00000000,  31.00000000,  30.00000000,  31.00000000,  31.00000000,  30.00000000,  31.00000000,  30.00000000,  31.00000000,  15.50000000,  45.00000000,  74.50000000, 105.00000000, 135.50000000, 166.00000000, 196.50000000, 227.50000000, 258.00000000, 288.50000000, 319.00000000, 349.50000000,   0.00000000,  31.00000000,  59.00000000,  90.00000000, 120.00000000, 151.00000000, 181.00000000, 212.00000000, 243.00000000, 273.00000000, 304.00000000, 334.00000000,  31.00000000,  59.00000000,  90.00000000, 120.00000000, 151.00000000, 181.00000000, 212.00000000, 243.00000000, 273.00000000, 304.00000000, 334.00000000, 365.00000000,  80.070, 173.466,  365
       0,     1076,  31.00000000,  29.00000000,  31.00000000,  30.00000000,  31.00000000,  30.00000000,  31.00000000,  31.00000000,  30.00000000,  31.00000000,  30.00000000,  31.00000000,  15.50000000,  45.50000000,  75.50000000, 106.00000000, 136.50000000, 167.00000000, 197.50000000, 228.50000000, 259.00000000, 289.50000000, 320.00000000, 350.50000000,   0.00000000,  31.00000000,  60.00000000,  91.00000000, 121.00000000, 152.00000000, 182.00000000, 213.00000000, 244.00000000, 274.00000000, 305.00000000, 335.00000000,  31.00000000,  60.00000000,  91.00000000, 121.00000000, 152.00000000, 182.00000000, 213.00000000, 244.00000000, 274.00000000, 305.00000000, 335.00000000, 366.00000000,  81.070, 174.465,  366
       0,     1077,  31.00000000,  28.00000000,  31.00000000,  30.00000000,  31.00000000,  30.00000000,  31.00000000,  31.00000000,  30.00000000,  31.00000000,  30.00000000,  31.00000000,  15.50000000,  45.00000000,  74.50000000, 105.00000000, 135.50000000, 166.00000000, 196.50000000, 227.50000000, 258.00000000, 288.50000000, 319.00000000, 349.50000000,   0.00000000,  31.00000000,  59.00000000,  90.00000000, 120.00000000, 151.00000000, 181.00000000, 212.00000000, 243.00000000, 273.00000000, 304.00000000, 334.00000000,  31.00000000,  59.00000000,  90.00000000, 120.00000000, 151.00000000, 181.00000000, 212.00000000, 243.00000000, 273.00000000, 304.00000000, 334.00000000, 365.00000000,  80.070, 173.465,  365
       0,     1078,  31.00000000,  28.00000000,  31.00000000,  30.00000000,  31.00000000,  30.00000000,  31.00000000,  31.00000000,  30.00000000,  31.00000000,  30.00000000,  31.00000000,  15.50000000,  45.00000000,  74.50000000, 105.00000000, 135.50000000, 166.00000000, 196.50000000, 227.50000000, 258.00000000, 288.50000000, 319.00000000, 349.50000000,   0.00000000,  31.00000000,  59.00000000,  90.00000000, 120.00000000, 151.00000000, 181.00000000, 212.00000000, 243.00000000, 273.00000000, 304.00000000, 334.00000000,  31.00000000,  59.00000000,  90.00000000, 120.00000000, 151.00000000, 181.00000000, 212.00000000, 243.00000000, 273.00000000, 304.00000000, 334.00000000, 365.00000000,  80.070, 173.464,  365
       0,     1079,  31.00000000,  28.00000000,  31.00000000,  30.00000000,  31.00000000,  30.00000000,  31.00000000,  31.00000000,  30.00000000,  31.00000000,  30.00000000,  31.00000000,  15.50000000,  45.00000000,  74.50000000, 105.00000000, 135.50000000, 166.00000000, 196.50000000, 227.50000000, 258.00000000, 288.50000000, 319.00000000, 349.50000000,   0.00000000,  31.00000000,  59.00000000,  90.00000000, 120.00000000, 151.00000000, 181.00000000, 212.00000000, 243.00000000, 273.00000000, 304.00000000, 334.00000000,  31.00000000,  59.00000000,  90.00000000, 120.00000000, 151.00000000, 181.00000000, 212.00000000, 243.00000000, 273.00000000, 304.00000000, 334.00000000, 365.00000000,  80.070, 173.463,  365
       0,     1080,  31.00000000,  29.00000000,  31.00000000,  30.00000000,  31.00000000,  30.00000000,  31.00000000,  31.00000000,  30.00000000,  31.00000000,  30.00000000,  31.00000000,  15.50000000,  45.50000000,  75.50000000, 106.00000000, 136.50000000, 167.00000000, 197.50000000, 228.50000000, 259.00000000, 289.50000000, 320.00000000, 350.50000000,   0.00000000,  31.00000000,  60.00000000,  91.00000000, 121.00000000, 152.00000000, 182.00000000, 213.00000000, 244.00000000, 274.00000000, 305.00000000, 335.00000000,  31.00000000,  60.00000000,  91.00000000, 121.00000000, 152.00000000, 182.00000000, 213.00000000, 244.00000000, 274.00000000, 305.00000000, 335.00000000, 366.00000000,  81.070, 174.463,  366
       0,     1081,  31.00000000,  28.00000000,  31.00000000,  30.00000000,  31.00000000,  30.00000000,  31.00000000,  31.00000000,  30.00000000,  31.00000000,  30.00000000,  31.00000000,  15.50000000,  45.00000000,  74.50000000, 105.00000000, 135.50000000, 166.00000000, 196.50000000, 227.50000000, 258.00000000, 288.50000000, 319.00000000, 349.50000000,   0.00000000,  31.00000000,  59.00000000,  90.00000000, 120.00000000, 151.00000000, 181.00000000, 212.00000000, 243.00000000, 273.00000000, 304.00000000, 334.00000000,  31.00000000,  59.00000000,  90.00000000, 120.00000000, 151.00000000, 181.00000000, 212.00000000, 243.00000000, 273.00000000, 304.00000000, 334.00000000, 365.00000000,  80.070, 173.462,  365
       0,     1082,  31.00000000,  28.00000000,  31.00000000,  30.00000000,  31.00000000,  30.00000000,  31.00000000,  31.00000000,  30.00000000,  31.00000000,  30.00000000,  31.00000000,  15.50000000,  45.00000000,  74.50000000, 105.00000000, 135.50000000, 166.00000000, 196.50000000, 227.50000000, 258.00000000, 288.50000000, 319.00000000, 349.50000000,   0.00000000,  31.00000000,  59.00000000,  90.00000000, 120.00000000, 151.00000000, 181.00000000, 212.00000000, 243.00000000, 273.00000000, 304.00000000, 334.00000000,  31.00000000,  59.00000000,  90.00000000, 120.00000000, 151.00000000, 181.00000000, 212.00000000, 243.00000000, 273.00000000, 304.00000000, 334.00000000, 365.00000000,  80.070, 173.461,  365
       0,     1083,  31.00000000,  28.00000000,  31.00000000,  30.00000000,  31.00000000,  30.00000000,  31.00000000,  31.00000000,  30.00000000,  31.00000000,  30.00000000,  31.00000000,  15.50000000,  45.00000000,  74.50000000, 105.00000000, 135.50000000, 166.00000000, 196.50000000, 227.50000000, 258.00000000, 288.50000000, 319.00000000, 349.50000000,   0.00000000,  31.00000000,  59.00000000,  90.00000000, 120.00000000, 151.00000000, 181.00000000, 212.00000000, 243.00000000, 273.00000000, 304.00000000, 334.00000000,  31.00000000,  59.00000000,  90.00000000, 120.00000000, 151.00000000, 181.00000000, 212.00000000, 243.00000000, 273.00000000, 304.00000000, 334.00000000, 365.00000000,  80.070, 173.460,  365
       0,     1084,  31.00000000,  29.00000000,  31.00000000,  30.00000000,  31.00000000,  30.00000000,  31.00000000,  31.00000000,  30.00000000,  31.00000000,  30.00000000,  31.00000000,  15.50000000,  45.50000000,  75.50000000, 106.00000000, 136.50000000, 167.00000000, 197.50000000, 228.50000000, 259.00000000, 289.50000000, 320.00000000, 350.50000000,   0.00000000,  31.00000000,  60.00000000,  91.00000000, 121.00000000, 152.00000000, 182.00000000, 213.00000000, 244.00000000, 274.00000000, 305.00000000, 335.00000000,  31.00000000,  60.00000000,  91.00000000, 121.00000000, 152.00000000, 182.00000000, 213.00000000, 244.00000000, 274.00000000, 305.00000000, 335.00000000, 366.00000000,  81.070, 174.460,  366
       0,     1085,  31.00000000,  28.00000000,  31.00000000,  30.00000000,  31.00000000,  30.00000000,  31.00000000,  31.00000000,  30.00000000,  31.00000000,  30.00000000,  31.00000000,  15.50000000,  45.00000000,  74.50000000, 105.00000000, 135.50000000, 166.00000000, 196.50000000, 227.50000000, 258.00000000, 288.50000000, 319.00000000, 349.50000000,   0.00000000,  31.00000000,  59.00000000,  90.00000000, 120.00000000, 151.00000000, 181.00000000, 212.00000000, 243.00000000, 273.00000000, 304.00000000, 334.00000000,  31.00000000,  59.00000000,  90.00000000, 120.00000000, 151.00000000, 181.00000000, 212.00000000, 243.00000000, 273.00000000, 304.00000000, 334.00000000, 365.00000000,  80.070, 173.460,  365
       0,     1086,  31.00000000,  28.00000000,  31.00000000,  30.00000000,  31.00000000,  30.00000000,  31.00000000,  31.00000000,  30.00000000,  31.00000000,  30.00000000,  31.00000000,  15.50000000,  45.00000000,  74.50000000, 105.00000000, 135.50000000, 166.00000000, 196.50000000, 227.50000000, 258.00000000, 288.50000000, 319.00000000, 349.50000000,   0.00000000,  31.00000000,  59.00000000,  90.00000000, 120.00000000, 151.00000000, 181.00000000, 212.00000000, 243.00000000, 273.00000000, 304.00000000, 334.00000000,  31.00000000,  59.00000000,  90.00000000, 120.00000000, 151.00000000, 181.00000000, 212.00000000, 243.00000000, 273.00000000, 304.00000000, 334.00000000, 365.00000000,  80.070, 173.459,  365
       0,     1087,  31.00000000,  28.00000000,  31.00000000,  30.00000000,  31.00000000,  30.00000000,  31.00000000,  31.00000000,  30.00000000,  31.00000000,  30.00000000,  31.00000000,  15.50000000,  45.00000000,  74.50000000, 105.00000000, 135.50000000, 166.00000000, 196.50000000, 227.50000000, 258.00000000, 288.50000000, 319.00000000, 349.50000000,   0.00000000,  31.00000000,  59.00000000,  90.00000000, 120.00000000, 151.00000000, 181.00000000, 212.00000000, 243.00000000, 273.00000000, 304.00000000, 334.00000000,  31.00000000,  59.00000000,  90.00000000, 120.00000000, 151.00000000, 181.00000000, 212.00000000, 243.00000000, 273.00000000, 304.00000000, 334.00000000, 365.00000000,  80.070, 173.458,  365
       0,     1088,  31.00000000,  29.00000000,  31.00000000,  30.00000000,  31.00000000,  30.00000000,  31.00000000,  31.00000000,  30.00000000,  31.00000000,  30.00000000,  31.00000000,  15.50000000,  45.50000000,  75.50000000, 106.00000000, 136.50000000, 167.00000000, 197.50000000, 228.50000000, 259.00000000, 289.50000000, 320.00000000, 350.50000000,   0.00000000,  31.00000000,  60.00000000,  91.00000000, 121.00000000, 152.00000000, 182.00000000, 213.00000000, 244.00000000, 274.00000000, 305.00000000, 335.00000000,  31.00000000,  60.00000000,  91.00000000, 121.00000000, 152.00000000, 182.00000000, 213.00000000, 244.00000000, 274.00000000, 305.00000000, 335.00000000, 366.00000000,  81.070, 174.458,  366
       0,     1089,  31.00000000,  28.00000000,  31.00000000,  30.00000000,  31.00000000,  30.00000000,  31.00000000,  31.00000000,  30.00000000,  31.00000000,  30.00000000,  31.00000000,  15.50000000,  45.00000000,  74.50000000, 105.00000000, 135.50000000, 166.00000000, 196.50000000, 227.50000000, 258.00000000, 288.50000000, 319.00000000, 349.50000000,   0.00000000,  31.00000000,  59.00000000,  90.00000000, 120.00000000, 151.00000000, 181.00000000, 212.00000000, 243.00000000, 273.00000000, 304.00000000, 334.00000000,  31.00000000,  59.00000000,  90.00000000, 120.00000000, 151.00000000, 181.00000000, 212.00000000, 243.00000000, 273.00000000, 304.00000000, 334.00000000, 365.00000000,  80.070, 173.457,  365
       0,     1090,  31.00000000,  28.00000000,  31.00000000,  30.00000000,  31.00000000,  30.00000000,  31.00000000,  31.00000000,  30.00000000,  31.00000000,  30.00000000,  31.00000000,  15.50000000,  45.00000000,  74.50000000, 105.00000000, 135.50000000, 166.00000000, 196.50000000, 227.50000000, 258.00000000, 288.50000000, 319.00000000, 349.50000000,   0.00000000,  31.00000000,  59.00000000,  90.00000000, 120.00000000, 151.00000000, 181.00000000, 212.00000000, 243.00000000, 273.00000000, 304.00000000, 334.00000000,  31.00000000,  59.00000000,  90.00000000, 120.00000000, 151.00000000, 181.00000000, 212.00000000, 243.00000000, 273.00000000, 304.00000000, 334.00000000, 365.00000000,  80.070, 173.456,  365
       0,     1091,  31.00000000,  28.00000000,  31.00000000,  30.00000000,  31.00000000,  30.00000000,  31.00000000,  31.00000000,  30.00000000,  31.00000000,  30.00000000,  31.00000000,  15.50000000,  45.00000000,  74.50000000, 105.00000000, 135.50000000, 166.00000000, 196.50000000, 227.50000000, 258.00000000, 288.50000000, 319.00000000, 349.50000000,   0.00000000,  31.00000000,  59.00000000,  90.00000000, 120.00000000, 151.00000000, 181.00000000, 212.00000000, 243.00000000, 273.00000000, 304.00000000, 334.00000000,  31.00000000,  59.00000000,  90.00000000, 120.00000000, 151.00000000, 181.00000000, 212.00000000, 243.00000000, 273.00000000, 304.00000000, 334.00000000, 365.00000000,  80.070, 173.456,  365
       0,     1092,  31.00000000,  29.00000000,  31.00000000,  30.00000000,  31.00000000,  30.00000000,  31.00000000,  31.00000000,  30.00000000,  31.00000000,  30.00000000,  31.00000000,  15.50000000,  45.50000000,  75.50000000, 106.00000000, 136.50000000, 167.00000000, 197.50000000, 228.50000000, 259.00000000, 289.50000000, 320.00000000, 350.50000000,   0.00000000,  31.00000000,  60.00000000,  91.00000000, 121.00000000, 152.00000000, 182.00000000, 213.00000000, 244.00000000, 274.00000000, 305.00000000, 335.00000000,  31.00000000,  60.00000000,  91.00000000, 121.00000000, 152.00000000, 182.00000000, 213.00000000, 244.00000000, 274.00000000, 305.00000000, 335.00000000, 366.00000000,  81.070, 174.455,  366
       0,     1093,  31.00000000,  28.00000000,  31.00000000,  30.00000000,  31.00000000,  30.00000000,  31.00000000,  31.00000000,  30.00000000,  31.00000000,  30.00000000,  31.00000000,  15.50000000,  45.00000000,  74.50000000, 105.00000000, 135.50000000, 166.00000000, 196.50000000, 227.50000000, 258.00000000, 288.50000000, 319.00000000, 349.50000000,   0.00000000,  31.00000000,  59.00000000,  90.00000000, 120.00000000, 151.00000000, 181.00000000, 212.00000000, 243.00000000, 273.00000000, 304.00000000, 334.00000000,  31.00000000,  59.00000000,  90.00000000, 120.00000000, 151.00000000, 181.00000000, 212.00000000, 243.00000000, 273.00000000, 304.00000000, 334.00000000, 365.00000000,  80.070, 173.455,  365
       0,     1094,  31.00000000,  28.00000000,  31.00000000,  30.00000000,  31.00000000,  30.00000000,  31.00000000,  31.00000000,  30.00000000,  31.00000000,  30.00000000,  31.00000000,  15.50000000,  45.00000000,  74.50000000, 105.00000000, 135.50000000, 166.00000000, 196.50000000, 227.50000000, 258.00000000, 288.50000000, 319.00000000, 349.50000000,   0.00000000,  31.00000000,  59.00000000,  90.00000000, 120.00000000, 151.00000000, 181.00000000, 212.00000000, 243.00000000, 273.00000000, 304.00000000, 334.00000000,  31.00000000,  59.00000000,  90.00000000, 120.00000000, 151.00000000, 181.00000000, 212.00000000, 243.00000000, 273.00000000, 304.00000000, 334.00000000, 365.00000000,  80.070, 173.454,  365
       0,     1095,  31.00000000,  28.00000000,  31.00000000,  30.00000000,  31.00000000,  30.00000000,  31.00000000,  31.00000000,  30.00000000,  31.00000000,  30.00000000,  31.00000000,  15.50000000,  45.00000000,  74.50000000, 105.00000000, 135.50000000, 166.00000000, 196.50000000, 227.50000000, 258.00000000, 288.50000000, 319.00000000, 349.50000000,   0.00000000,  31.00000000,  59.00000000,  90.00000000, 120.00000000, 151.00000000, 181.00000000, 212.00000000, 243.00000000, 273.00000000, 304.00000000, 334.00000000,  31.00000000,  59.00000000,  90.00000000, 120.00000000, 151.00000000, 181.00000000, 212.00000000, 243.00000000, 273.00000000, 304.00000000, 334.00000000, 365.00000000,  80.070, 173.453,  365
       0,     1096,  31.00000000,  29.00000000,  31.00000000,  30.00000000,  31.00000000,  30.00000000,  31.00000000,  31.00000000,  30.00000000,  31.00000000,  30.00000000,  31.00000000,  15.50000000,  45.50000000,  75.50000000, 106.00000000, 136.50000000, 167.00000000, 197.50000000, 228.50000000, 259.00000000, 289.50000000, 320.00000000, 350.50000000,   0.00000000,  31.00000000,  60.00000000,  91.00000000, 121.00000000, 152.00000000, 182.00000000, 213.00000000, 244.00000000, 274.00000000, 305.00000000, 335.00000000,  31.00000000,  60.00000000,  91.00000000, 121.00000000, 152.00000000, 182.00000000, 213.00000000, 244.00000000, 274.00000000, 305.00000000, 335.00000000, 366.00000000,  81.070, 174.453,  366
       0,     1097,  31.00000000,  28.00000000,  31.00000000,  30.00000000,  31.00000000,  30.00000000,  31.00000000,  31.00000000,  30.00000000,  31.00000000,  30.00000000,  31.00000000,  15.50000000,  45.00000000,  74.50000000, 105.00000000, 135.50000000, 166.00000000, 196.50000000, 227.50000000, 258.00000000, 288.50000000, 319.00000000, 349.50000000,   0.00000000,  31.00000000,  59.00000000,  90.00000000, 120.00000000, 151.00000000, 181.00000000, 212.00000000, 243.00000000, 273.00000000, 304.00000000, 334.00000000,  31.00000000,  59.00000000,  90.00000000, 120.00000000, 151.00000000, 181.00000000, 212.00000000, 243.00000000, 273.00000000, 304.00000000, 334.00000000, 365.00000000,  80.070, 173.452,  365
       0,     1098,  31.00000000,  28.00000000,  31.00000000,  30.00000000,  31.00000000,  30.00000000,  31.00000000,  31.00000000,  30.00000000,  31.00000000,  30.00000000,  31.00000000,  15.50000000,  45.00000000,  74.50000000, 105.00000000, 135.50000000, 166.00000000, 196.50000000, 227.50000000, 258.00000000, 288.50000000, 319.00000000, 349.50000000,   0.00000000,  31.00000000,  59.00000000,  90.00000000, 120.00000000, 151.00000000, 181.00000000, 212.00000000, 243.00000000, 273.00000000, 304.00000000, 334.00000000,  31.00000000,  59.00000000,  90.00000000, 120.00000000, 151.00000000, 181.00000000, 212.00000000, 243.00000000, 273.00000000, 304.00000000, 334.00000000, 365.00000000,  80.070, 173.451,  365
       0,     1099,  31.00000000,  28.00000000,  31.00000000,  30.00000000,  31.00000000,  30.00000000,  31.00000000,  31.00000000,  30.00000000,  31.00000000,  30.00000000,  31.00000000,  15.50000000,  45.00000000,  74.50000000, 105.00000000, 135.50000000, 166.00000000, 196.50000000, 227.50000000, 258.00000000, 288.50000000, 319.00000000, 349.50000000,   0.00000000,  31.00000000,  59.00000000,  90.00000000, 120.00000000, 151.00000000, 181.00000000, 212.00000000, 243.00000000, 273.00000000, 304.00000000, 334.00000000,  31.00000000,  59.00000000,  90.00000000, 120.00000000, 151.00000000, 181.00000000, 212.00000000, 243.00000000, 273.00000000, 304.00000000, 334.00000000, 365.00000000,  80.070, 173.451,  365
