   AgeBP,   YearCE, JanDays     , FebDays     , MarDays     , AprDays     , MayDays     , JunDays     , JulDays     , AugDays     , SepDays     , OctDays     , NovDays     , DecDays     , JanMid      , FebMid      , MarMid      , AprMid      , MayMid      , JunMid      , JulMid      , AugMid      , SepMid      , OctMid      , NovMid      , DecMid      , JanBeg      , FebBeg      , MarBeg      , AprBeg      , MayBeg      , JunBeg      , JulBeg      , AugBeg      , SepBeg      , OctBeg      , NovBeg      , DecBeg      , JanEnd      , FebEnd      , MarEnd      , AprEnd      , MayEnd      , JunEnd      , JulEnd      , AugEnd      , SepEnd      , OctEnd      , NovEnd      , DecEnd      , VE_day , SS_day , ndays,  VEtoSS    ,   SStoAE    ,   AEtoWS    ,   WStoVE
    -100,     1850,  31.00528613,  28.01737714,  31.02843098,  30.02955943,  31.02432320,  30.01103937,  30.99529631,  30.98032744,  29.97200956,  30.96975457,  29.97722399,  30.98937189,  15.45976245,  44.97141518,  74.49438235, 105.02432450, 135.55267425, 166.07137642, 196.57487066, 227.56180650, 258.03656857, 288.50637268, 318.97939670, 349.46247167,  -0.04083932,  30.96424667,  58.98117356,  90.00927261, 120.03899396, 151.06382205, 181.07517954, 212.07028776, 243.05010454, 273.02182066, 303.99177966, 333.96948824,  30.96424667,  58.98117356,  90.00927261, 120.03899396, 151.06382205, 181.07517954, 212.07028776, 243.05010454, 273.02182066, 303.99177966, 333.96948824, 364.95916068,  79.938, 172.808,  365,  92.80825657,  93.52394051,  89.67446697,  88.99333595
    -100,     1851,  31.00528613,  28.01737714,  31.02843098,  30.02955943,  31.02432320,  30.01103937,  30.99529631,  30.98032744,  29.97200956,  30.96975457,  29.97722399,  30.98937189,  15.45976245,  44.97141518,  74.49438235, 105.02432450, 135.55267425, 166.07137642, 196.57487066, 227.56180650, 258.03656857, 288.50637268, 318.97939670, 349.46247167,  -0.04083932,  30.96424667,  58.98117356,  90.00927261, 120.03899396, 151.06382205, 181.07517954, 212.07028776, 243.05010454, 273.02182066, 303.99177966, 333.96948824,  30.96424667,  58.98117356,  90.00927261, 120.03899396, 151.06382205, 181.07517954, 212.07028776, 243.05010454, 273.02182066, 303.99177966, 333.96948824, 364.95916068,  80.180, 173.049,  365,  92.80825657,  93.52394051,  89.67446697,  88.99333595
    -100,     1852,  31.00486454,  29.01783259,  31.02843601,  30.02956570,  31.02437409,  30.01115295,  30.99546429,  30.98049157,  29.97209355,  30.96970094,  29.97701140,  30.98901238,  15.45952151,  45.47109238,  75.49438202, 106.02432387, 136.55269618, 167.07148171, 197.57512575, 228.56224046, 259.03713196, 289.50694934, 319.97983303, 350.46262114,  -0.04087738,  30.96379993,  59.98116784,  91.00927216, 121.03899876, 152.06387736, 182.07535164, 213.07063319, 244.05061495, 274.02240841, 304.99230482, 334.96979964,  30.96379993,  59.98116784,  91.00927216, 121.03899876, 152.06387736, 182.07535164, 213.07063319, 244.05061495, 274.02240841, 304.99230482, 334.96979964, 365.95912262,  80.422, 173.291,  366,  93.06252577,  93.78017048,  89.92015045,  89.23715330
    -100,     1853,  31.00528613,  28.01737714,  31.02843098,  30.02955943,  31.02432320,  30.01103937,  30.99529631,  30.98032744,  29.97200956,  30.96975457,  29.97722399,  30.98937189,  15.45976245,  44.97141518,  74.49438235, 105.02432450, 135.55267425, 166.07137642, 196.57487066, 227.56180650, 258.03656857, 288.50637268, 318.97939670, 349.46247167,  -0.04083932,  30.96424667,  58.98117356,  90.00927261, 120.03899396, 151.06382205, 181.07517954, 212.07028776, 243.05010454, 273.02182066, 303.99177966, 333.96948824,  30.96424667,  58.98117356,  90.00927261, 120.03899396, 151.06382205, 181.07517954, 212.07028776, 243.05010454, 273.02182066, 303.99177966, 333.96948824, 364.95916068,  79.665, 172.533,  365,  92.80825657,  93.52394051,  89.67446697,  88.99333595
    -100,     1854,  31.00528613,  28.01737714,  31.02843098,  30.02955943,  31.02432320,  30.01103937,  30.99529631,  30.98032744,  29.97200956,  30.96975457,  29.97722399,  30.98937189,  15.45976245,  44.97141518,  74.49438235, 105.02432450, 135.55267425, 166.07137642, 196.57487066, 227.56180650, 258.03656857, 288.50637268, 318.97939670, 349.46247167,  -0.04083932,  30.96424667,  58.98117356,  90.00927261, 120.03899396, 151.06382205, 181.07517954, 212.07028776, 243.05010454, 273.02182066, 303.99177966, 333.96948824,  30.96424667,  58.98117356,  90.00927261, 120.03899396, 151.06382205, 181.07517954, 212.07028776, 243.05010454, 273.02182066, 303.99177966, 333.96948824, 364.95916068,  79.908, 172.774,  365,  92.80825657,  93.52394051,  89.67446697,  88.99333595
    -100,     1855,  31.00528613,  28.01737714,  31.02843098,  30.02955943,  31.02432320,  30.01103937,  30.99529631,  30.98032744,  29.97200956,  30.96975457,  29.97722399,  30.98937189,  15.45976245,  44.97141518,  74.49438235, 105.02432450, 135.55267425, 166.07137642, 196.57487066, 227.56180650, 258.03656857, 288.50637268, 318.97939670, 349.46247167,  -0.04083932,  30.96424667,  58.98117356,  90.00927261, 120.03899396, 151.06382205, 181.07517954, 212.07028776, 243.05010454, 273.02182066, 303.99177966, 333.96948824,  30.96424667,  58.98117356,  90.00927261, 120.03899396, 151.06382205, 181.07517954, 212.07028776, 243.05010454, 273.02182066, 303.99177966, 333.96948824, 364.95916068,  80.150, 173.016,  365,  92.80825657,  93.52394051,  89.67446697,  88.99333595
    -100,     1856,  31.00486454,  29.01783259,  31.02843601,  30.02956570,  31.02437409,  30.01115295,  30.99546429,  30.98049157,  29.97209355,  30.96970094,  29.97701140,  30.98901238,  15.45952151,  45.47109238,  75.49438202, 106.02432387, 136.55269618, 167.07148171, 197.57512575, 228.56224046, 259.03713196, 289.50694934, 319.97983303, 350.46262114,  -0.04087738,  30.96379993,  59.98116784,  91.00927216, 121.03899876, 152.06387736, 182.07535164, 213.07063319, 244.05061495, 274.02240841, 304.99230482, 334.96979964,  30.96379993,  59.98116784,  91.00927216, 121.03899876, 152.06387736, 182.07535164, 213.07063319, 244.05061495, 274.02240841, 304.99230482, 334.96979964, 365.95912262,  80.392, 173.258,  366,  93.06252577,  93.78017048,  89.92015045,  89.23715330
    -100,     1857,  31.00528613,  28.01737714,  31.02843098,  30.02955943,  31.02432320,  30.01103937,  30.99529631,  30.98032744,  29.97200956,  30.96975457,  29.97722399,  30.98937189,  15.45976245,  44.97141518,  74.49438235, 105.02432450, 135.55267425, 166.07137642, 196.57487066, 227.56180650, 258.03656857, 288.50637268, 318.97939670, 349.46247167,  -0.04083932,  30.96424667,  58.98117356,  90.00927261, 120.03899396, 151.06382205, 181.07517954, 212.07028776, 243.05010454, 273.02182066, 303.99177966, 333.96948824,  30.96424667,  58.98117356,  90.00927261, 120.03899396, 151.06382205, 181.07517954, 212.07028776, 243.05010454, 273.02182066, 303.99177966, 333.96948824, 364.95916068,  79.635, 172.500,  365,  92.80825657,  93.52394051,  89.67446697,  88.99333595
    -100,     1858,  31.00528613,  28.01737714,  31.02843098,  30.02955943,  31.02432320,  30.01103937,  30.99529631,  30.98032744,  29.97200956,  30.96975457,  29.97722399,  30.98937189,  15.45976245,  44.97141518,  74.49438235, 105.02432450, 135.55267425, 166.07137642, 196.57487066, 227.56180650, 258.03656857, 288.50637268, 318.97939670, 349.46247167,  -0.04083932,  30.96424667,  58.98117356,  90.00927261, 120.03899396, 151.06382205, 181.07517954, 212.07028776, 243.05010454, 273.02182066, 303.99177966, 333.96948824,  30.96424667,  58.98117356,  90.00927261, 120.03899396, 151.06382205, 181.07517954, 212.07028776, 243.05010454, 273.02182066, 303.99177966, 333.96948824, 364.95916068,  79.878, 172.742,  365,  92.80825657,  93.52394051,  89.67446697,  88.99333595
    -100,     1859,  31.00528613,  28.01737714,  31.02843098,  30.02955943,  31.02432320,  30.01103937,  30.99529631,  30.98032744,  29.97200956,  30.96975457,  29.97722399,  30.98937189,  15.45976245,  44.97141518,  74.49438235, 105.02432450, 135.55267425, 166.07137642, 196.57487066, 227.56180650, 258.03656857, 288.50637268, 318.97939670, 349.46247167,  -0.04083932,  30.96424667,  58.98117356,  90.00927261, 120.03899396, 151.06382205, 181.07517954, 212.07028776, 243.05010454, 273.02182066, 303.99177966, 333.96948824,  30.96424667,  58.98117356,  90.00927261, 120.03899396, 151.06382205, 181.07517954, 212.07028776, 243.05010454, 273.02182066, 303.99177966, 333.96948824, 364.95916068,  80.120, 172.983,  365,  92.80825657,  93.52394051,  89.67446697,  88.99333595
    -100,     1860,  31.00486454,  29.01783259,  31.02843601,  30.02956570,  31.02437409,  30.01115295,  30.99546429,  30.98049157,  29.97209355,  30.96970094,  29.97701140,  30.98901238,  15.45952151,  45.47109238,  75.49438202, 106.02432387, 136.55269618, 167.07148171, 197.57512575, 228.56224046, 259.03713196, 289.50694934, 319.97983303, 350.46262114,  -0.04087738,  30.96379993,  59.98116784,  91.00927216, 121.03899876, 152.06387736, 182.07535164, 213.07063319, 244.05061495, 274.02240841, 304.99230482, 334.96979964,  30.96379993,  59.98116784,  91.00927216, 121.03899876, 152.06387736, 182.07535164, 213.07063319, 244.05061495, 274.02240841, 304.99230482, 334.96979964, 365.95912262,  80.362, 173.225,  366,  93.06252577,  93.78017048,  89.92015045,  89.23715330
    -100,     1861,  31.00528613,  28.01737714,  31.02843098,  30.02955943,  31.02432320,  30.01103937,  30.99529631,  30.98032744,  29.97200956,  30.96975457,  29.97722399,  30.98937189,  15.45976245,  44.97141518,  74.49438235, 105.02432450, 135.55267425, 166.07137642, 196.57487066, 227.56180650, 258.03656857, 288.50637268, 318.97939670, 349.46247167,  -0.04083932,  30.96424667,  58.98117356,  90.00927261, 120.03899396, 151.06382205, 181.07517954, 212.07028776, 243.05010454, 273.02182066, 303.99177966, 333.96948824,  30.96424667,  58.98117356,  90.00927261, 120.03899396, 151.06382205, 181.07517954, 212.07028776, 243.05010454, 273.02182066, 303.99177966, 333.96948824, 364.95916068,  79.605, 172.467,  365,  92.80825657,  93.52394051,  89.67446697,  88.99333595
    -100,     1862,  31.00528613,  28.01737714,  31.02843098,  30.02955943,  31.02432320,  30.01103937,  30.99529631,  30.98032744,  29.97200956,  30.96975457,  29.97722399,  30.98937189,  15.45976245,  44.97141518,  74.49438235, 105.02432450, 135.55267425, 166.07137642, 196.57487066, 227.56180650, 258.03656857, 288.50637268, 318.97939670, 349.46247167,  -0.04083932,  30.96424667,  58.98117356,  90.00927261, 120.03899396, 151.06382205, 181.07517954, 212.07028776, 243.05010454, 273.02182066, 303.99177966, 333.96948824,  30.96424667,  58.98117356,  90.00927261, 120.03899396, 151.06382205, 181.07517954, 212.07028776, 243.05010454, 273.02182066, 303.99177966, 333.96948824, 364.95916068,  79.847, 172.708,  365,  92.80825657,  93.52394051,  89.67446697,  88.99333595
    -100,     1863,  31.00528613,  28.01737714,  31.02843098,  30.02955943,  31.02432320,  30.01103937,  30.99529631,  30.98032744,  29.97200956,  30.96975457,  29.97722399,  30.98937189,  15.45976245,  44.97141518,  74.49438235, 105.02432450, 135.55267425, 166.07137642, 196.57487066, 227.56180650, 258.03656857, 288.50637268, 318.97939670, 349.46247167,  -0.04083932,  30.96424667,  58.98117356,  90.00927261, 120.03899396, 151.06382205, 181.07517954, 212.07028776, 243.05010454, 273.02182066, 303.99177966, 333.96948824,  30.96424667,  58.98117356,  90.00927261, 120.03899396, 151.06382205, 181.07517954, 212.07028776, 243.05010454, 273.02182066, 303.99177966, 333.96948824, 364.95916068,  80.090, 172.951,  365,  92.80825657,  93.52394051,  89.67446697,  88.99333595
    -100,     1864,  31.00486454,  29.01783259,  31.02843601,  30.02956570,  31.02437409,  30.01115295,  30.99546429,  30.98049157,  29.97209355,  30.96970094,  29.97701140,  30.98901238,  15.45952151,  45.47109238,  75.49438202, 106.02432387, 136.55269618, 167.07148171, 197.57512575, 228.56224046, 259.03713196, 289.50694934, 319.97983303, 350.46262114,  -0.04087738,  30.96379993,  59.98116784,  91.00927216, 121.03899876, 152.06387736, 182.07535164, 213.07063319, 244.05061495, 274.02240841, 304.99230482, 334.96979964,  30.96379993,  59.98116784,  91.00927216, 121.03899876, 152.06387736, 182.07535164, 213.07063319, 244.05061495, 274.02240841, 304.99230482, 334.96979964, 365.95912262,  80.333, 173.192,  366,  93.06252577,  93.78017048,  89.92015045,  89.23715330
    -100,     1865,  31.00528613,  28.01737714,  31.02843098,  30.02955943,  31.02432320,  30.01103937,  30.99529631,  30.98032744,  29.97200956,  30.96975457,  29.97722399,  30.98937189,  15.45976245,  44.97141518,  74.49438235, 105.02432450, 135.55267425, 166.07137642, 196.57487066, 227.56180650, 258.03656857, 288.50637268, 318.97939670, 349.46247167,  -0.04083932,  30.96424667,  58.98117356,  90.00927261, 120.03899396, 151.06382205, 181.07517954, 212.07028776, 243.05010454, 273.02182066, 303.99177966, 333.96948824,  30.96424667,  58.98117356,  90.00927261, 120.03899396, 151.06382205, 181.07517954, 212.07028776, 243.05010454, 273.02182066, 303.99177966, 333.96948824, 364.95916068,  79.575, 172.434,  365,  92.80825657,  93.52394051,  89.67446697,  88.99333595
    -100,     1866,  31.00528613,  28.01737714,  31.02843098,  30.02955943,  31.02432320,  30.01103937,  30.99529631,  30.98032744,  29.97200956,  30.96975457,  29.97722399,  30.98937189,  15.45976245,  44.97141518,  74.49438235, 105.02432450, 135.55267425, 166.07137642, 196.57487066, 227.56180650, 258.03656857, 288.50637268, 318.97939670, 349.46247167,  -0.04083932,  30.96424667,  58.98117356,  90.00927261, 120.03899396, 151.06382205, 181.07517954, 212.07028776, 243.05010454, 273.02182066, 303.99177966, 333.96948824,  30.96424667,  58.98117356,  90.00927261, 120.03899396, 151.06382205, 181.07517954, 212.07028776, 243.05010454, 273.02182066, 303.99177966, 333.96948824, 364.95916068,  79.817, 172.676,  365,  92.80825657,  93.52394051,  89.67446697,  88.99333595
    -100,     1867,  31.00528613,  28.01737714,  31.02843098,  30.02955943,  31.02432320,  30.01103937,  30.99529631,  30.98032744,  29.97200956,  30.96975457,  29.97722399,  30.98937189,  15.45976245,  44.97141518,  74.49438235, 105.02432450, 135.55267425, 166.07137642, 196.57487066, 227.56180650, 258.03656857, 288.50637268, 318.97939670, 349.46247167,  -0.04083932,  30.96424667,  58.98117356,  90.00927261, 120.03899396, 151.06382205, 181.07517954, 212.07028776, 243.05010454, 273.02182066, 303.99177966, 333.96948824,  30.96424667,  58.98117356,  90.00927261, 120.03899396, 151.06382205, 181.07517954, 212.07028776, 243.05010454, 273.02182066, 303.99177966, 333.96948824, 364.95916068,  80.060, 172.917,  365,  92.80825657,  93.52394051,  89.67446697,  88.99333595
    -100,     1868,  31.00486454,  29.01783259,  31.02843601,  30.02956570,  31.02437409,  30.01115295,  30.99546429,  30.98049157,  29.97209355,  30.96970094,  29.97701140,  30.98901238,  15.45952151,  45.47109238,  75.49438202, 106.02432387, 136.55269618, 167.07148171, 197.57512575, 228.56224046, 259.03713196, 289.50694934, 319.97983303, 350.46262114,  -0.04087738,  30.96379993,  59.98116784,  91.00927216, 121.03899876, 152.06387736, 182.07535164, 213.07063319, 244.05061495, 274.02240841, 304.99230482, 334.96979964,  30.96379993,  59.98116784,  91.00927216, 121.03899876, 152.06387736, 182.07535164, 213.07063319, 244.05061495, 274.02240841, 304.99230482, 334.96979964, 365.95912262,  80.303, 173.159,  366,  93.06252577,  93.78017048,  89.92015045,  89.23715330
    -100,     1869,  31.00528613,  28.01737714,  31.02843098,  30.02955943,  31.02432320,  30.01103937,  30.99529631,  30.98032744,  29.97200956,  30.96975457,  29.97722399,  30.98937189,  15.45976245,  44.97141518,  74.49438235, 105.02432450, 135.55267425, 166.07137642, 196.57487066, 227.56180650, 258.03656857, 288.50637268, 318.97939670, 349.46247167,  -0.04083932,  30.96424667,  58.98117356,  90.00927261, 120.03899396, 151.06382205, 181.07517954, 212.07028776, 243.05010454, 273.02182066, 303.99177966, 333.96948824,  30.96424667,  58.98117356,  90.00927261, 120.03899396, 151.06382205, 181.07517954, 212.07028776, 243.05010454, 273.02182066, 303.99177966, 333.96948824, 364.95916068,  79.545, 172.401,  365,  92.80825657,  93.52394051,  89.67446697,  88.99333595
    -100,     1870,  31.00528613,  28.01737714,  31.02843098,  30.02955943,  31.02432320,  30.01103937,  30.99529631,  30.98032744,  29.97200956,  30.96975457,  29.97722399,  30.98937189,  15.45976245,  44.97141518,  74.49438235, 105.02432450, 135.55267425, 166.07137642, 196.57487066, 227.56180650, 258.03656857, 288.50637268, 318.97939670, 349.46247167,  -0.04083932,  30.96424667,  58.98117356,  90.00927261, 120.03899396, 151.06382205, 181.07517954, 212.07028776, 243.05010454, 273.02182066, 303.99177966, 333.96948824,  30.96424667,  58.98117356,  90.00927261, 120.03899396, 151.06382205, 181.07517954, 212.07028776, 243.05010454, 273.02182066, 303.99177966, 333.96948824, 364.95916068,  79.787, 172.643,  365,  92.80825657,  93.52394051,  89.67446697,  88.99333595
    -100,     1871,  31.00528613,  28.01737714,  31.02843098,  30.02955943,  31.02432320,  30.01103937,  30.99529631,  30.98032744,  29.97200956,  30.96975457,  29.97722399,  30.98937189,  15.45976245,  44.97141518,  74.49438235, 105.02432450, 135.55267425, 166.07137642, 196.57487066, 227.56180650, 258.03656857, 288.50637268, 318.97939670, 349.46247167,  -0.04083932,  30.96424667,  58.98117356,  90.00927261, 120.03899396, 151.06382205, 181.07517954, 212.07028776, 243.05010454, 273.02182066, 303.99177966, 333.96948824,  30.96424667,  58.98117356,  90.00927261, 120.03899396, 151.06382205, 181.07517954, 212.07028776, 243.05010454, 273.02182066, 303.99177966, 333.96948824, 364.95916068,  80.030, 172.885,  365,  92.80825657,  93.52394051,  89.67446697,  88.99333595
    -100,     1872,  31.00486454,  29.01783259,  31.02843601,  30.02956570,  31.02437409,  30.01115295,  30.99546429,  30.98049157,  29.97209355,  30.96970094,  29.97701140,  30.98901238,  15.45952151,  45.47109238,  75.49438202, 106.02432387, 136.55269618, 167.07148171, 197.57512575, 228.56224046, 259.03713196, 289.50694934, 319.97983303, 350.46262114,  -0.04087738,  30.96379993,  59.98116784,  91.00927216, 121.03899876, 152.06387736, 182.07535164, 213.07063319, 244.05061495, 274.02240841, 304.99230482, 334.96979964,  30.96379993,  59.98116784,  91.00927216, 121.03899876, 152.06387736, 182.07535164, 213.07063319, 244.05061495, 274.02240841, 304.99230482, 334.96979964, 365.95912262,  80.272, 173.126,  366,  93.06252577,  93.78017048,  89.92015045,  89.23715330
    -100,     1873,  31.00528613,  28.01737714,  31.02843098,  30.02955943,  31.02432320,  30.01103937,  30.99529631,  30.98032744,  29.97200956,  30.96975457,  29.97722399,  30.98937189,  15.45976245,  44.97141518,  74.49438235, 105.02432450, 135.55267425, 166.07137642, 196.57487066, 227.56180650, 258.03656857, 288.50637268, 318.97939670, 349.46247167,  -0.04083932,  30.96424667,  58.98117356,  90.00927261, 120.03899396, 151.06382205, 181.07517954, 212.07028776, 243.05010454, 273.02182066, 303.99177966, 333.96948824,  30.96424667,  58.98117356,  90.00927261, 120.03899396, 151.06382205, 181.07517954, 212.07028776, 243.05010454, 273.02182066, 303.99177966, 333.96948824, 364.95916068,  79.515, 172.368,  365,  92.80825657,  93.52394051,  89.67446697,  88.99333595
    -100,     1874,  31.00528613,  28.01737714,  31.02843098,  30.02955943,  31.02432320,  30.01103937,  30.99529631,  30.98032744,  29.97200956,  30.96975457,  29.97722399,  30.98937189,  15.45976245,  44.97141518,  74.49438235, 105.02432450, 135.55267425, 166.07137642, 196.57487066, 227.56180650, 258.03656857, 288.50637268, 318.97939670, 349.46247167,  -0.04083932,  30.96424667,  58.98117356,  90.00927261, 120.03899396, 151.06382205, 181.07517954, 212.07028776, 243.05010454, 273.02182066, 303.99177966, 333.96948824,  30.96424667,  58.98117356,  90.00927261, 120.03899396, 151.06382205, 181.07517954, 212.07028776, 243.05010454, 273.02182066, 303.99177966, 333.96948824, 364.95916068,  79.758, 172.610,  365,  92.80825657,  93.52394051,  89.67446697,  88.99333595
    -100,     1875,  31.00528613,  28.01737714,  31.02843098,  30.02955943,  31.02432320,  30.01103937,  30.99529631,  30.98032744,  29.97200956,  30.96975457,  29.97722399,  30.98937189,  15.45976245,  44.97141518,  74.49438235, 105.02432450, 135.55267425, 166.07137642, 196.57487066, 227.56180650, 258.03656857, 288.50637268, 318.97939670, 349.46247167,  -0.04083932,  30.96424667,  58.98117356,  90.00927261, 120.03899396, 151.06382205, 181.07517954, 212.07028776, 243.05010454, 273.02182066, 303.99177966, 333.96948824,  30.96424667,  58.98117356,  90.00927261, 120.03899396, 151.06382205, 181.07517954, 212.07028776, 243.05010454, 273.02182066, 303.99177966, 333.96948824, 364.95916068,  80.000, 172.851,  365,  92.80825657,  93.52394051,  89.67446697,  88.99333595
    -100,     1876,  31.00486454,  29.01783259,  31.02843601,  30.02956570,  31.02437409,  30.01115295,  30.99546429,  30.98049157,  29.97209355,  30.96970094,  29.97701140,  30.98901238,  15.45952151,  45.47109238,  75.49438202, 106.02432387, 136.55269618, 167.07148171, 197.57512575, 228.56224046, 259.03713196, 289.50694934, 319.97983303, 350.46262114,  -0.04087738,  30.96379993,  59.98116784,  91.00927216, 121.03899876, 152.06387736, 182.07535164, 213.07063319, 244.05061495, 274.02240841, 304.99230482, 334.96979964,  30.96379993,  59.98116784,  91.00927216, 121.03899876, 152.06387736, 182.07535164, 213.07063319, 244.05061495, 274.02240841, 304.99230482, 334.96979964, 365.95912262,  80.242, 173.094,  366,  93.06252577,  93.78017048,  89.92015045,  89.23715330
    -100,     1877,  31.00528613,  28.01737714,  31.02843098,  30.02955943,  31.02432320,  30.01103937,  30.99529631,  30.98032744,  29.97200956,  30.96975457,  29.97722399,  30.98937189,  15.45976245,  44.97141518,  74.49438235, 105.02432450, 135.55267425, 166.07137642, 196.57487066, 227.56180650, 258.03656857, 288.50637268, 318.97939670, 349.46247167,  -0.04083932,  30.96424667,  58.98117356,  90.00927261, 120.03899396, 151.06382205, 181.07517954, 212.07028776, 243.05010454, 273.02182066, 303.99177966, 333.96948824,  30.96424667,  58.98117356,  90.00927261, 120.03899396, 151.06382205, 181.07517954, 212.07028776, 243.05010454, 273.02182066, 303.99177966, 333.96948824, 364.95916068,  79.485, 172.335,  365,  92.80825657,  93.52394051,  89.67446697,  88.99333595
    -100,     1878,  31.00528613,  28.01737714,  31.02843098,  30.02955943,  31.02432320,  30.01103937,  30.99529631,  30.98032744,  29.97200956,  30.96975457,  29.97722399,  30.98937189,  15.45976245,  44.97141518,  74.49438235, 105.02432450, 135.55267425, 166.07137642, 196.57487066, 227.56180650, 258.03656857, 288.50637268, 318.97939670, 349.46247167,  -0.04083932,  30.96424667,  58.98117356,  90.00927261, 120.03899396, 151.06382205, 181.07517954, 212.07028776, 243.05010454, 273.02182066, 303.99177966, 333.96948824,  30.96424667,  58.98117356,  90.00927261, 120.03899396, 151.06382205, 181.07517954, 212.07028776, 243.05010454, 273.02182066, 303.99177966, 333.96948824, 364.95916068,  79.728, 172.577,  365,  92.80825657,  93.52394051,  89.67446697,  88.99333595
    -100,     1879,  31.00528613,  28.01737714,  31.02843098,  30.02955943,  31.02432320,  30.01103937,  30.99529631,  30.98032744,  29.97200956,  30.96975457,  29.97722399,  30.98937189,  15.45976245,  44.97141518,  74.49438235, 105.02432450, 135.55267425, 166.07137642, 196.57487066, 227.56180650, 258.03656857, 288.50637268, 318.97939670, 349.46247167,  -0.04083932,  30.96424667,  58.98117356,  90.00927261, 120.03899396, 151.06382205, 181.07517954, 212.07028776, 243.05010454, 273.02182066, 303.99177966, 333.96948824,  30.96424667,  58.98117356,  90.00927261, 120.03899396, 151.06382205, 181.07517954, 212.07028776, 243.05010454, 273.02182066, 303.99177966, 333.96948824, 364.95916068,  79.970, 172.819,  365,  92.80825657,  93.52394051,  89.67446697,  88.99333595
    -100,     1880,  31.00486454,  29.01783259,  31.02843601,  30.02956570,  31.02437409,  30.01115295,  30.99546429,  30.98049157,  29.97209355,  30.96970094,  29.97701140,  30.98901238,  15.45952151,  45.47109238,  75.49438202, 106.02432387, 136.55269618, 167.07148171, 197.57512575, 228.56224046, 259.03713196, 289.50694934, 319.97983303, 350.46262114,  -0.04087738,  30.96379993,  59.98116784,  91.00927216, 121.03899876, 152.06387736, 182.07535164, 213.07063319, 244.05061495, 274.02240841, 304.99230482, 334.96979964,  30.96379993,  59.98116784,  91.00927216, 121.03899876, 152.06387736, 182.07535164, 213.07063319, 244.05061495, 274.02240841, 304.99230482, 334.96979964, 365.95912262,  80.212, 173.060,  366,  93.06252577,  93.78017048,  89.92015045,  89.23715330
    -100,     1881,  31.00528613,  28.01737714,  31.02843098,  30.02955943,  31.02432320,  30.01103937,  30.99529631,  30.98032744,  29.97200956,  30.96975457,  29.97722399,  30.98937189,  15.45976245,  44.97141518,  74.49438235, 105.02432450, 135.55267425, 166.07137642, 196.57487066, 227.56180650, 258.03656857, 288.50637268, 318.97939670, 349.46247167,  -0.04083932,  30.96424667,  58.98117356,  90.00927261, 120.03899396, 151.06382205, 181.07517954, 212.07028776, 243.05010454, 273.02182066, 303.99177966, 333.96948824,  30.96424667,  58.98117356,  90.00927261, 120.03899396, 151.06382205, 181.07517954, 212.07028776, 243.05010454, 273.02182066, 303.99177966, 333.96948824, 364.95916068,  79.455, 172.302,  365,  92.80825657,  93.52394051,  89.67446697,  88.99333595
    -100,     1882,  31.00528613,  28.01737714,  31.02843098,  30.02955943,  31.02432320,  30.01103937,  30.99529631,  30.98032744,  29.97200956,  30.96975457,  29.97722399,  30.98937189,  15.45976245,  44.97141518,  74.49438235, 105.02432450, 135.55267425, 166.07137642, 196.57487066, 227.56180650, 258.03656857, 288.50637268, 318.97939670, 349.46247167,  -0.04083932,  30.96424667,  58.98117356,  90.00927261, 120.03899396, 151.06382205, 181.07517954, 212.07028776, 243.05010454, 273.02182066, 303.99177966, 333.96948824,  30.96424667,  58.98117356,  90.00927261, 120.03899396, 151.06382205, 181.07517954, 212.07028776, 243.05010454, 273.02182066, 303.99177966, 333.96948824, 364.95916068,  79.697, 172.544,  365,  92.80825657,  93.52394051,  89.67446697,  88.99333595
    -100,     1883,  31.00528613,  28.01737714,  31.02843098,  30.02955943,  31.02432320,  30.01103937,  30.99529631,  30.98032744,  29.97200956,  30.96975457,  29.97722399,  30.98937189,  15.45976245,  44.97141518,  74.49438235, 105.02432450, 135.55267425, 166.07137642, 196.57487066, 227.56180650, 258.03656857, 288.50637268, 318.97939670, 349.46247167,  -0.04083932,  30.96424667,  58.98117356,  90.00927261, 120.03899396, 151.06382205, 181.07517954, 212.07028776, 243.05010454, 273.02182066, 303.99177966, 333.96948824,  30.96424667,  58.98117356,  90.00927261, 120.03899396, 151.06382205, 181.07517954, 212.07028776, 243.05010454, 273.02182066, 303.99177966, 333.96948824, 364.95916068,  79.940, 172.786,  365,  92.80825657,  93.52394051,  89.67446697,  88.99333595
    -100,     1884,  31.00486454,  29.01783259,  31.02843601,  30.02956570,  31.02437409,  30.01115295,  30.99546429,  30.98049157,  29.97209355,  30.96970094,  29.97701140,  30.98901238,  15.45952151,  45.47109238,  75.49438202, 106.02432387, 136.55269618, 167.07148171, 197.57512575, 228.56224046, 259.03713196, 289.50694934, 319.97983303, 350.46262114,  -0.04087738,  30.96379993,  59.98116784,  91.00927216, 121.03899876, 152.06387736, 182.07535164, 213.07063319, 244.05061495, 274.02240841, 304.99230482, 334.96979964,  30.96379993,  59.98116784,  91.00927216, 121.03899876, 152.06387736, 182.07535164, 213.07063319, 244.05061495, 274.02240841, 304.99230482, 334.96979964, 365.95912262,  80.183, 173.028,  366,  93.06252577,  93.78017048,  89.92015045,  89.23715330
    -100,     1885,  31.00528613,  28.01737714,  31.02843098,  30.02955943,  31.02432320,  30.01103937,  30.99529631,  30.98032744,  29.97200956,  30.96975457,  29.97722399,  30.98937189,  15.45976245,  44.97141518,  74.49438235, 105.02432450, 135.55267425, 166.07137642, 196.57487066, 227.56180650, 258.03656857, 288.50637268, 318.97939670, 349.46247167,  -0.04083932,  30.96424667,  58.98117356,  90.00927261, 120.03899396, 151.06382205, 181.07517954, 212.07028776, 243.05010454, 273.02182066, 303.99177966, 333.96948824,  30.96424667,  58.98117356,  90.00927261, 120.03899396, 151.06382205, 181.07517954, 212.07028776, 243.05010454, 273.02182066, 303.99177966, 333.96948824, 364.95916068,  79.425, 172.269,  365,  92.80825657,  93.52394051,  89.67446697,  88.99333595
    -100,     1886,  31.00528613,  28.01737714,  31.02843098,  30.02955943,  31.02432320,  30.01103937,  30.99529631,  30.98032744,  29.97200956,  30.96975457,  29.97722399,  30.98937189,  15.45976245,  44.97141518,  74.49438235, 105.02432450, 135.55267425, 166.07137642, 196.57487066, 227.56180650, 258.03656857, 288.50637268, 318.97939670, 349.46247167,  -0.04083932,  30.96424667,  58.98117356,  90.00927261, 120.03899396, 151.06382205, 181.07517954, 212.07028776, 243.05010454, 273.02182066, 303.99177966, 333.96948824,  30.96424667,  58.98117356,  90.00927261, 120.03899396, 151.06382205, 181.07517954, 212.07028776, 243.05010454, 273.02182066, 303.99177966, 333.96948824, 364.95916068,  79.667, 172.511,  365,  92.80825657,  93.52394051,  89.67446697,  88.99333595
    -100,     1887,  31.00528613,  28.01737714,  31.02843098,  30.02955943,  31.02432320,  30.01103937,  30.99529631,  30.98032744,  29.97200956,  30.96975457,  29.97722399,  30.98937189,  15.45976245,  44.97141518,  74.49438235, 105.02432450, 135.55267425, 166.07137642, 196.57487066, 227.56180650, 258.03656857, 288.50637268, 318.97939670, 349.46247167,  -0.04083932,  30.96424667,  58.98117356,  90.00927261, 120.03899396, 151.06382205, 181.07517954, 212.07028776, 243.05010454, 273.02182066, 303.99177966, 333.96948824,  30.96424667,  58.98117356,  90.00927261, 120.03899396, 151.06382205, 181.07517954, 212.07028776, 243.05010454, 273.02182066, 303.99177966, 333.96948824, 364.95916068,  79.910, 172.753,  365,  92.80825657,  93.52394051,  89.67446697,  88.99333595
    -100,     1888,  31.00486454,  29.01783259,  31.02843601,  30.02956570,  31.02437409,  30.01115295,  30.99546429,  30.98049157,  29.97209355,  30.96970094,  29.97701140,  30.98901238,  15.45952151,  45.47109238,  75.49438202, 106.02432387, 136.55269618, 167.07148171, 197.57512575, 228.56224046, 259.03713196, 289.50694934, 319.97983303, 350.46262114,  -0.04087738,  30.96379993,  59.98116784,  91.00927216, 121.03899876, 152.06387736, 182.07535164, 213.07063319, 244.05061495, 274.02240841, 304.99230482, 334.96979964,  30.96379993,  59.98116784,  91.00927216, 121.03899876, 152.06387736, 182.07535164, 213.07063319, 244.05061495, 274.02240841, 304.99230482, 334.96979964, 365.95912262,  80.153, 172.994,  366,  93.06252577,  93.78017048,  89.92015045,  89.23715330
    -100,     1889,  31.00528613,  28.01737714,  31.02843098,  30.02955943,  31.02432320,  30.01103937,  30.99529631,  30.98032744,  29.97200956,  30.96975457,  29.97722399,  30.98937189,  15.45976245,  44.97141518,  74.49438235, 105.02432450, 135.55267425, 166.07137642, 196.57487066, 227.56180650, 258.03656857, 288.50637268, 318.97939670, 349.46247167,  -0.04083932,  30.96424667,  58.98117356,  90.00927261, 120.03899396, 151.06382205, 181.07517954, 212.07028776, 243.05010454, 273.02182066, 303.99177966, 333.96948824,  30.96424667,  58.98117356,  90.00927261, 120.03899396, 151.06382205, 181.07517954, 212.07028776, 243.05010454, 273.02182066, 303.99177966, 333.96948824, 364.95916068,  79.395, 172.236,  365,  92.80825657,  93.52394051,  89.67446697,  88.99333595
    -100,     1890,  31.00528613,  28.01737714,  31.02843098,  30.02955943,  31.02432320,  30.01103937,  30.99529631,  30.98032744,  29.97200956,  30.96975457,  29.97722399,  30.98937189,  15.45976245,  44.97141518,  74.49438235, 105.02432450, 135.55267425, 166.07137642, 196.57487066, 227.56180650, 258.03656857, 288.50637268, 318.97939670, 349.46247167,  -0.04083932,  30.96424667,  58.98117356,  90.00927261, 120.03899396, 151.06382205, 181.07517954, 212.07028776, 243.05010454, 273.02182066, 303.99177966, 333.96948824,  30.96424667,  58.98117356,  90.00927261, 120.03899396, 151.06382205, 181.07517954, 212.07028776, 243.05010454, 273.02182066, 303.99177966, 333.96948824, 364.95916068,  79.638, 172.478,  365,  92.80825657,  93.52394051,  89.67446697,  88.99333595
    -100,     1891,  31.00528613,  28.01737714,  31.02843098,  30.02955943,  31.02432320,  30.01103937,  30.99529631,  30.98032744,  29.97200956,  30.96975457,  29.97722399,  30.98937189,  15.45976245,  44.97141518,  74.49438235, 105.02432450, 135.55267425, 166.07137642, 196.57487066, 227.56180650, 258.03656857, 288.50637268, 318.97939670, 349.46247167,  -0.04083932,  30.96424667,  58.98117356,  90.00927261, 120.03899396, 151.06382205, 181.07517954, 212.07028776, 243.05010454, 273.02182066, 303.99177966, 333.96948824,  30.96424667,  58.98117356,  90.00927261, 120.03899396, 151.06382205, 181.07517954, 212.07028776, 243.05010454, 273.02182066, 303.99177966, 333.96948824, 364.95916068,  79.880, 172.720,  365,  92.80825657,  93.52394051,  89.67446697,  88.99333595
    -100,     1892,  31.00486454,  29.01783259,  31.02843601,  30.02956570,  31.02437409,  30.01115295,  30.99546429,  30.98049157,  29.97209355,  30.96970094,  29.97701140,  30.98901238,  15.45952151,  45.47109238,  75.49438202, 106.02432387, 136.55269618, 167.07148171, 197.57512575, 228.56224046, 259.03713196, 289.50694934, 319.97983303, 350.46262114,  -0.04087738,  30.96379993,  59.98116784,  91.00927216, 121.03899876, 152.06387736, 182.07535164, 213.07063319, 244.05061495, 274.02240841, 304.99230482, 334.96979964,  30.96379993,  59.98116784,  91.00927216, 121.03899876, 152.06387736, 182.07535164, 213.07063319, 244.05061495, 274.02240841, 304.99230482, 334.96979964, 365.95912262,  80.122, 172.962,  366,  93.06252577,  93.78017048,  89.92015045,  89.23715330
    -100,     1893,  31.00528613,  28.01737714,  31.02843098,  30.02955943,  31.02432320,  30.01103937,  30.99529631,  30.98032744,  29.97200956,  30.96975457,  29.97722399,  30.98937189,  15.45976245,  44.97141518,  74.49438235, 105.02432450, 135.55267425, 166.07137642, 196.57487066, 227.56180650, 258.03656857, 288.50637268, 318.97939670, 349.46247167,  -0.04083932,  30.96424667,  58.98117356,  90.00927261, 120.03899396, 151.06382205, 181.07517954, 212.07028776, 243.05010454, 273.02182066, 303.99177966, 333.96948824,  30.96424667,  58.98117356,  90.00927261, 120.03899396, 151.06382205, 181.07517954, 212.07028776, 243.05010454, 273.02182066, 303.99177966, 333.96948824, 364.95916068,  79.365, 172.203,  365,  92.80825657,  93.52394051,  89.67446697,  88.99333595
    -100,     1894,  31.00528613,  28.01737714,  31.02843098,  30.02955943,  31.02432320,  30.01103937,  30.99529631,  30.98032744,  29.97200956,  30.96975457,  29.97722399,  30.98937189,  15.45976245,  44.97141518,  74.49438235, 105.02432450, 135.55267425, 166.07137642, 196.57487066, 227.56180650, 258.03656857, 288.50637268, 318.97939670, 349.46247167,  -0.04083932,  30.96424667,  58.98117356,  90.00927261, 120.03899396, 151.06382205, 181.07517954, 212.07028776, 243.05010454, 273.02182066, 303.99177966, 333.96948824,  30.96424667,  58.98117356,  90.00927261, 120.03899396, 151.06382205, 181.07517954, 212.07028776, 243.05010454, 273.02182066, 303.99177966, 333.96948824, 364.95916068,  79.608, 172.445,  365,  92.80825657,  93.52394051,  89.67446697,  88.99333595
    -100,     1895,  31.00528613,  28.01737714,  31.02843098,  30.02955943,  31.02432320,  30.01103937,  30.99529631,  30.98032744,  29.97200956,  30.96975457,  29.97722399,  30.98937189,  15.45976245,  44.97141518,  74.49438235, 105.02432450, 135.55267425, 166.07137642, 196.57487066, 227.56180650, 258.03656857, 288.50637268, 318.97939670, 349.46247167,  -0.04083932,  30.96424667,  58.98117356,  90.00927261, 120.03899396, 151.06382205, 181.07517954, 212.07028776, 243.05010454, 273.02182066, 303.99177966, 333.96948824,  30.96424667,  58.98117356,  90.00927261, 120.03899396, 151.06382205, 181.07517954, 212.07028776, 243.05010454, 273.02182066, 303.99177966, 333.96948824, 364.95916068,  79.850, 172.687,  365,  92.80825657,  93.52394051,  89.67446697,  88.99333595
    -100,     1896,  31.00486454,  29.01783259,  31.02843601,  30.02956570,  31.02437409,  30.01115295,  30.99546429,  30.98049157,  29.97209355,  30.96970094,  29.97701140,  30.98901238,  15.45952151,  45.47109238,  75.49438202, 106.02432387, 136.55269618, 167.07148171, 197.57512575, 228.56224046, 259.03713196, 289.50694934, 319.97983303, 350.46262114,  -0.04087738,  30.96379993,  59.98116784,  91.00927216, 121.03899876, 152.06387736, 182.07535164, 213.07063319, 244.05061495, 274.02240841, 304.99230482, 334.96979964,  30.96379993,  59.98116784,  91.00927216, 121.03899876, 152.06387736, 182.07535164, 213.07063319, 244.05061495, 274.02240841, 304.99230482, 334.96979964, 365.95912262,  80.092, 172.928,  366,  93.06252577,  93.78017048,  89.92015045,  89.23715330
    -100,     1897,  31.00528613,  28.01737714,  31.02843098,  30.02955943,  31.02432320,  30.01103937,  30.99529631,  30.98032744,  29.97200956,  30.96975457,  29.97722399,  30.98937189,  15.45976245,  44.97141518,  74.49438235, 105.02432450, 135.55267425, 166.07137642, 196.57487066, 227.56180650, 258.03656857, 288.50637268, 318.97939670, 349.46247167,  -0.04083932,  30.96424667,  58.98117356,  90.00927261, 120.03899396, 151.06382205, 181.07517954, 212.07028776, 243.05010454, 273.02182066, 303.99177966, 333.96948824,  30.96424667,  58.98117356,  90.00927261, 120.03899396, 151.06382205, 181.07517954, 212.07028776, 243.05010454, 273.02182066, 303.99177966, 333.96948824, 364.95916068,  79.335, 172.171,  365,  92.80825657,  93.52394051,  89.67446697,  88.99333595
    -100,     1898,  31.00528613,  28.01737714,  31.02843098,  30.02955943,  31.02432320,  30.01103937,  30.99529631,  30.98032744,  29.97200956,  30.96975457,  29.97722399,  30.98937189,  15.45976245,  44.97141518,  74.49438235, 105.02432450, 135.55267425, 166.07137642, 196.57487066, 227.56180650, 258.03656857, 288.50637268, 318.97939670, 349.46247167,  -0.04083932,  30.96424667,  58.98117356,  90.00927261, 120.03899396, 151.06382205, 181.07517954, 212.07028776, 243.05010454, 273.02182066, 303.99177966, 333.96948824,  30.96424667,  58.98117356,  90.00927261, 120.03899396, 151.06382205, 181.07517954, 212.07028776, 243.05010454, 273.02182066, 303.99177966, 333.96948824, 364.95916068,  79.578, 172.412,  365,  92.80825657,  93.52394051,  89.67446697,  88.99333595
    -100,     1899,  31.00528613,  28.01737714,  31.02843098,  30.02955943,  31.02432320,  30.01103937,  30.99529631,  30.98032744,  29.97200956,  30.96975457,  29.97722399,  30.98937189,  15.45976245,  44.97141518,  74.49438235, 105.02432450, 135.55267425, 166.07137642, 196.57487066, 227.56180650, 258.03656857, 288.50637268, 318.97939670, 349.46247167,  -0.04083932,  30.96424667,  58.98117356,  90.00927261, 120.03899396, 151.06382205, 181.07517954, 212.07028776, 243.05010454, 273.02182066, 303.99177966, 333.96948824,  30.96424667,  58.98117356,  90.00927261, 120.03899396, 151.06382205, 181.07517954, 212.07028776, 243.05010454, 273.02182066, 303.99177966, 333.96948824, 364.95916068,  79.820, 172.654,  365,  92.80825657,  93.52394051,  89.67446697,  88.99333595
    -100,     1900,  31.00528613,  28.01737714,  31.02843098,  30.02955943,  31.02432320,  30.01103937,  30.99529631,  30.98032744,  29.97200956,  30.96975457,  29.97722399,  30.98937189,  15.45976245,  44.97141518,  74.49438235, 105.02432450, 135.55267425, 166.07137642, 196.57487066, 227.56180650, 258.03656857, 288.50637268, 318.97939670, 349.46247167,  -0.04083932,  30.96424667,  58.98117356,  90.00927261, 120.03899396, 151.06382205, 181.07517954, 212.07028776, 243.05010454, 273.02182066, 303.99177966, 333.96948824,  30.96424667,  58.98117356,  90.00927261, 120.03899396, 151.06382205, 181.07517954, 212.07028776, 243.05010454, 273.02182066, 303.99177966, 333.96948824, 364.95916068,  80.062, 172.896,  365,  92.80825657,  93.52394051,  89.67446697,  88.99333595
    -100,     1901,  31.00528613,  28.01737714,  31.02843098,  30.02955943,  31.02432320,  30.01103937,  30.99529631,  30.98032744,  29.97200956,  30.96975457,  29.97722399,  30.98937189,  15.45976245,  44.97141518,  74.49438235, 105.02432450, 135.55267425, 166.07137642, 196.57487066, 227.56180650, 258.03656857, 288.50637268, 318.97939670, 349.46247167,  -0.04083932,  30.96424667,  58.98117356,  90.00927261, 120.03899396, 151.06382205, 181.07517954, 212.07028776, 243.05010454, 273.02182066, 303.99177966, 333.96948824,  30.96424667,  58.98117356,  90.00927261, 120.03899396, 151.06382205, 181.07517954, 212.07028776, 243.05010454, 273.02182066, 303.99177966, 333.96948824, 364.95916068,  80.305, 173.137,  365,  92.80825657,  93.52394051,  89.67446697,  88.99333595
    -100,     1902,  31.00528613,  28.01737714,  31.02843098,  30.02955943,  31.02432320,  30.01103937,  30.99529631,  30.98032744,  29.97200956,  30.96975457,  29.97722399,  30.98937189,  15.45976245,  44.97141518,  74.49438235, 105.02432450, 135.55267425, 166.07137642, 196.57487066, 227.56180650, 258.03656857, 288.50637268, 318.97939670, 349.46247167,  -0.04083932,  30.96424667,  58.98117356,  90.00927261, 120.03899396, 151.06382205, 181.07517954, 212.07028776, 243.05010454, 273.02182066, 303.99177966, 333.96948824,  30.96424667,  58.98117356,  90.00927261, 120.03899396, 151.06382205, 181.07517954, 212.07028776, 243.05010454, 273.02182066, 303.99177966, 333.96948824, 364.95916068,  80.547, 173.379,  365,  92.80825657,  93.52394051,  89.67446697,  88.99333595
    -100,     1903,  31.00528613,  28.01737714,  31.02843098,  30.02955943,  31.02432320,  30.01103937,  30.99529631,  30.98032744,  29.97200956,  30.96975457,  29.97722399,  30.98937189,  15.45976245,  44.97141518,  74.49438235, 105.02432450, 135.55267425, 166.07137642, 196.57487066, 227.56180650, 258.03656857, 288.50637268, 318.97939670, 349.46247167,  -0.04083932,  30.96424667,  58.98117356,  90.00927261, 120.03899396, 151.06382205, 181.07517954, 212.07028776, 243.05010454, 273.02182066, 303.99177966, 333.96948824,  30.96424667,  58.98117356,  90.00927261, 120.03899396, 151.06382205, 181.07517954, 212.07028776, 243.05010454, 273.02182066, 303.99177966, 333.96948824, 364.95916068,  80.790, 173.621,  365,  92.80825657,  93.52394051,  89.67446697,  88.99333595
    -100,     1904,  31.00486454,  29.01783259,  31.02843601,  30.02956570,  31.02437409,  30.01115295,  30.99546429,  30.98049157,  29.97209355,  30.96970094,  29.97701140,  30.98901238,  15.45952151,  45.47109238,  75.49438202, 106.02432387, 136.55269618, 167.07148171, 197.57512575, 228.56224046, 259.03713196, 289.50694934, 319.97983303, 350.46262114,  -0.04087738,  30.96379993,  59.98116784,  91.00927216, 121.03899876, 152.06387736, 182.07535164, 213.07063319, 244.05061495, 274.02240841, 304.99230482, 334.96979964,  30.96379993,  59.98116784,  91.00927216, 121.03899876, 152.06387736, 182.07535164, 213.07063319, 244.05061495, 274.02240841, 304.99230482, 334.96979964, 365.95912262,  81.033, 173.863,  366,  93.06252577,  93.78017048,  89.92015045,  89.23715330
    -100,     1905,  31.00528613,  28.01737714,  31.02843098,  30.02955943,  31.02432320,  30.01103937,  30.99529631,  30.98032744,  29.97200956,  30.96975457,  29.97722399,  30.98937189,  15.45976245,  44.97141518,  74.49438235, 105.02432450, 135.55267425, 166.07137642, 196.57487066, 227.56180650, 258.03656857, 288.50637268, 318.97939670, 349.46247167,  -0.04083932,  30.96424667,  58.98117356,  90.00927261, 120.03899396, 151.06382205, 181.07517954, 212.07028776, 243.05010454, 273.02182066, 303.99177966, 333.96948824,  30.96424667,  58.98117356,  90.00927261, 120.03899396, 151.06382205, 181.07517954, 212.07028776, 243.05010454, 273.02182066, 303.99177966, 333.96948824, 364.95916068,  80.275, 173.105,  365,  92.80825657,  93.52394051,  89.67446697,  88.99333595
    -100,     1906,  31.00528613,  28.01737714,  31.02843098,  30.02955943,  31.02432320,  30.01103937,  30.99529631,  30.98032744,  29.97200956,  30.96975457,  29.97722399,  30.98937189,  15.45976245,  44.97141518,  74.49438235, 105.02432450, 135.55267425, 166.07137642, 196.57487066, 227.56180650, 258.03656857, 288.50637268, 318.97939670, 349.46247167,  -0.04083932,  30.96424667,  58.98117356,  90.00927261, 120.03899396, 151.06382205, 181.07517954, 212.07028776, 243.05010454, 273.02182066, 303.99177966, 333.96948824,  30.96424667,  58.98117356,  90.00927261, 120.03899396, 151.06382205, 181.07517954, 212.07028776, 243.05010454, 273.02182066, 303.99177966, 333.96948824, 364.95916068,  80.517, 173.347,  365,  92.80825657,  93.52394051,  89.67446697,  88.99333595
    -100,     1907,  31.00528613,  28.01737714,  31.02843098,  30.02955943,  31.02432320,  30.01103937,  30.99529631,  30.98032744,  29.97200956,  30.96975457,  29.97722399,  30.98937189,  15.45976245,  44.97141518,  74.49438235, 105.02432450, 135.55267425, 166.07137642, 196.57487066, 227.56180650, 258.03656857, 288.50637268, 318.97939670, 349.46247167,  -0.04083932,  30.96424667,  58.98117356,  90.00927261, 120.03899396, 151.06382205, 181.07517954, 212.07028776, 243.05010454, 273.02182066, 303.99177966, 333.96948824,  30.96424667,  58.98117356,  90.00927261, 120.03899396, 151.06382205, 181.07517954, 212.07028776, 243.05010454, 273.02182066, 303.99177966, 333.96948824, 364.95916068,  80.760, 173.588,  365,  92.80825657,  93.52394051,  89.67446697,  88.99333595
    -100,     1908,  31.00486454,  29.01783259,  31.02843601,  30.02956570,  31.02437409,  30.01115295,  30.99546429,  30.98049157,  29.97209355,  30.96970094,  29.97701140,  30.98901238,  15.45952151,  45.47109238,  75.49438202, 106.02432387, 136.55269618, 167.07148171, 197.57512575, 228.56224046, 259.03713196, 289.50694934, 319.97983303, 350.46262114,  -0.04087738,  30.96379993,  59.98116784,  91.00927216, 121.03899876, 152.06387736, 182.07535164, 213.07063319, 244.05061495, 274.02240841, 304.99230482, 334.96979964,  30.96379993,  59.98116784,  91.00927216, 121.03899876, 152.06387736, 182.07535164, 213.07063319, 244.05061495, 274.02240841, 304.99230482, 334.96979964, 365.95912262,  81.003, 173.830,  366,  93.06252577,  93.78017048,  89.92015045,  89.23715330
    -100,     1909,  31.00528613,  28.01737714,  31.02843098,  30.02955943,  31.02432320,  30.01103937,  30.99529631,  30.98032744,  29.97200956,  30.96975457,  29.97722399,  30.98937189,  15.45976245,  44.97141518,  74.49438235, 105.02432450, 135.55267425, 166.07137642, 196.57487066, 227.56180650, 258.03656857, 288.50637268, 318.97939670, 349.46247167,  -0.04083932,  30.96424667,  58.98117356,  90.00927261, 120.03899396, 151.06382205, 181.07517954, 212.07028776, 243.05010454, 273.02182066, 303.99177966, 333.96948824,  30.96424667,  58.98117356,  90.00927261, 120.03899396, 151.06382205, 181.07517954, 212.07028776, 243.05010454, 273.02182066, 303.99177966, 333.96948824, 364.95916068,  80.245, 173.072,  365,  92.80825657,  93.52394051,  89.67446697,  88.99333595
    -100,     1910,  31.00528613,  28.01737714,  31.02843098,  30.02955943,  31.02432320,  30.01103937,  30.99529631,  30.98032744,  29.97200956,  30.96975457,  29.97722399,  30.98937189,  15.45976245,  44.97141518,  74.49438235, 105.02432450, 135.55267425, 166.07137642, 196.57487066, 227.56180650, 258.03656857, 288.50637268, 318.97939670, 349.46247167,  -0.04083932,  30.96424667,  58.98117356,  90.00927261, 120.03899396, 151.06382205, 181.07517954, 212.07028776, 243.05010454, 273.02182066, 303.99177966, 333.96948824,  30.96424667,  58.98117356,  90.00927261, 120.03899396, 151.06382205, 181.07517954, 212.07028776, 243.05010454, 273.02182066, 303.99177966, 333.96948824, 364.95916068,  80.487, 173.313,  365,  92.80825657,  93.52394051,  89.67446697,  88.99333595
    -100,     1911,  31.00528613,  28.01737714,  31.02843098,  30.02955943,  31.02432320,  30.01103937,  30.99529631,  30.98032744,  29.97200956,  30.96975457,  29.97722399,  30.98937189,  15.45976245,  44.97141518,  74.49438235, 105.02432450, 135.55267425, 166.07137642, 196.57487066, 227.56180650, 258.03656857, 288.50637268, 318.97939670, 349.46247167,  -0.04083932,  30.96424667,  58.98117356,  90.00927261, 120.03899396, 151.06382205, 181.07517954, 212.07028776, 243.05010454, 273.02182066, 303.99177966, 333.96948824,  30.96424667,  58.98117356,  90.00927261, 120.03899396, 151.06382205, 181.07517954, 212.07028776, 243.05010454, 273.02182066, 303.99177966, 333.96948824, 364.95916068,  80.730, 173.556,  365,  92.80825657,  93.52394051,  89.67446697,  88.99333595
    -100,     1912,  31.00486454,  29.01783259,  31.02843601,  30.02956570,  31.02437409,  30.01115295,  30.99546429,  30.98049157,  29.97209355,  30.96970094,  29.97701140,  30.98901238,  15.45952151,  45.47109238,  75.49438202, 106.02432387, 136.55269618, 167.07148171, 197.57512575, 228.56224046, 259.03713196, 289.50694934, 319.97983303, 350.46262114,  -0.04087738,  30.96379993,  59.98116784,  91.00927216, 121.03899876, 152.06387736, 182.07535164, 213.07063319, 244.05061495, 274.02240841, 304.99230482, 334.96979964,  30.96379993,  59.98116784,  91.00927216, 121.03899876, 152.06387736, 182.07535164, 213.07063319, 244.05061495, 274.02240841, 304.99230482, 334.96979964, 365.95912262,  80.972, 173.797,  366,  93.06252577,  93.78017048,  89.92015045,  89.23715330
    -100,     1913,  31.00528613,  28.01737714,  31.02843098,  30.02955943,  31.02432320,  30.01103937,  30.99529631,  30.98032744,  29.97200956,  30.96975457,  29.97722399,  30.98937189,  15.45976245,  44.97141518,  74.49438235, 105.02432450, 135.55267425, 166.07137642, 196.57487066, 227.56180650, 258.03656857, 288.50637268, 318.97939670, 349.46247167,  -0.04083932,  30.96424667,  58.98117356,  90.00927261, 120.03899396, 151.06382205, 181.07517954, 212.07028776, 243.05010454, 273.02182066, 303.99177966, 333.96948824,  30.96424667,  58.98117356,  90.00927261, 120.03899396, 151.06382205, 181.07517954, 212.07028776, 243.05010454, 273.02182066, 303.99177966, 333.96948824, 364.95916068,  80.215, 173.039,  365,  92.80825657,  93.52394051,  89.67446697,  88.99333595
    -100,     1914,  31.00528613,  28.01737714,  31.02843098,  30.02955943,  31.02432320,  30.01103937,  30.99529631,  30.98032744,  29.97200956,  30.96975457,  29.97722399,  30.98937189,  15.45976245,  44.97141518,  74.49438235, 105.02432450, 135.55267425, 166.07137642, 196.57487066, 227.56180650, 258.03656857, 288.50637268, 318.97939670, 349.46247167,  -0.04083932,  30.96424667,  58.98117356,  90.00927261, 120.03899396, 151.06382205, 181.07517954, 212.07028776, 243.05010454, 273.02182066, 303.99177966, 333.96948824,  30.96424667,  58.98117356,  90.00927261, 120.03899396, 151.06382205, 181.07517954, 212.07028776, 243.05010454, 273.02182066, 303.99177966, 333.96948824, 364.95916068,  80.458, 173.281,  365,  92.80825657,  93.52394051,  89.67446697,  88.99333595
    -100,     1915,  31.00528613,  28.01737714,  31.02843098,  30.02955943,  31.02432320,  30.01103937,  30.99529631,  30.98032744,  29.97200956,  30.96975457,  29.97722399,  30.98937189,  15.45976245,  44.97141518,  74.49438235, 105.02432450, 135.55267425, 166.07137642, 196.57487066, 227.56180650, 258.03656857, 288.50637268, 318.97939670, 349.46247167,  -0.04083932,  30.96424667,  58.98117356,  90.00927261, 120.03899396, 151.06382205, 181.07517954, 212.07028776, 243.05010454, 273.02182066, 303.99177966, 333.96948824,  30.96424667,  58.98117356,  90.00927261, 120.03899396, 151.06382205, 181.07517954, 212.07028776, 243.05010454, 273.02182066, 303.99177966, 333.96948824, 364.95916068,  80.700, 173.522,  365,  92.80825657,  93.52394051,  89.67446697,  88.99333595
    -100,     1916,  31.00486454,  29.01783259,  31.02843601,  30.02956570,  31.02437409,  30.01115295,  30.99546429,  30.98049157,  29.97209355,  30.96970094,  29.97701140,  30.98901238,  15.45952151,  45.47109238,  75.49438202, 106.02432387, 136.55269618, 167.07148171, 197.57512575, 228.56224046, 259.03713196, 289.50694934, 319.97983303, 350.46262114,  -0.04087738,  30.96379993,  59.98116784,  91.00927216, 121.03899876, 152.06387736, 182.07535164, 213.07063319, 244.05061495, 274.02240841, 304.99230482, 334.96979964,  30.96379993,  59.98116784,  91.00927216, 121.03899876, 152.06387736, 182.07535164, 213.07063319, 244.05061495, 274.02240841, 304.99230482, 334.96979964, 365.95912262,  80.942, 173.764,  366,  93.06252577,  93.78017048,  89.92015045,  89.23715330
    -100,     1917,  31.00528613,  28.01737714,  31.02843098,  30.02955943,  31.02432320,  30.01103937,  30.99529631,  30.98032744,  29.97200956,  30.96975457,  29.97722399,  30.98937189,  15.45976245,  44.97141518,  74.49438235, 105.02432450, 135.55267425, 166.07137642, 196.57487066, 227.56180650, 258.03656857, 288.50637268, 318.97939670, 349.46247167,  -0.04083932,  30.96424667,  58.98117356,  90.00927261, 120.03899396, 151.06382205, 181.07517954, 212.07028776, 243.05010454, 273.02182066, 303.99177966, 333.96948824,  30.96424667,  58.98117356,  90.00927261, 120.03899396, 151.06382205, 181.07517954, 212.07028776, 243.05010454, 273.02182066, 303.99177966, 333.96948824, 364.95916068,  80.185, 173.006,  365,  92.80825657,  93.52394051,  89.67446697,  88.99333595
    -100,     1918,  31.00528613,  28.01737714,  31.02843098,  30.02955943,  31.02432320,  30.01103937,  30.99529631,  30.98032744,  29.97200956,  30.96975457,  29.97722399,  30.98937189,  15.45976245,  44.97141518,  74.49438235, 105.02432450, 135.55267425, 166.07137642, 196.57487066, 227.56180650, 258.03656857, 288.50637268, 318.97939670, 349.46247167,  -0.04083932,  30.96424667,  58.98117356,  90.00927261, 120.03899396, 151.06382205, 181.07517954, 212.07028776, 243.05010454, 273.02182066, 303.99177966, 333.96948824,  30.96424667,  58.98117356,  90.00927261, 120.03899396, 151.06382205, 181.07517954, 212.07028776, 243.05010454, 273.02182066, 303.99177966, 333.96948824, 364.95916068,  80.428, 173.248,  365,  92.80825657,  93.52394051,  89.67446697,  88.99333595
    -100,     1919,  31.00528613,  28.01737714,  31.02843098,  30.02955943,  31.02432320,  30.01103937,  30.99529631,  30.98032744,  29.97200956,  30.96975457,  29.97722399,  30.98937189,  15.45976245,  44.97141518,  74.49438235, 105.02432450, 135.55267425, 166.07137642, 196.57487066, 227.56180650, 258.03656857, 288.50637268, 318.97939670, 349.46247167,  -0.04083932,  30.96424667,  58.98117356,  90.00927261, 120.03899396, 151.06382205, 181.07517954, 212.07028776, 243.05010454, 273.02182066, 303.99177966, 333.96948824,  30.96424667,  58.98117356,  90.00927261, 120.03899396, 151.06382205, 181.07517954, 212.07028776, 243.05010454, 273.02182066, 303.99177966, 333.96948824, 364.95916068,  80.670, 173.490,  365,  92.80825657,  93.52394051,  89.67446697,  88.99333595
    -100,     1920,  31.00486454,  29.01783259,  31.02843601,  30.02956570,  31.02437409,  30.01115295,  30.99546429,  30.98049157,  29.97209355,  30.96970094,  29.97701140,  30.98901238,  15.45952151,  45.47109238,  75.49438202, 106.02432387, 136.55269618, 167.07148171, 197.57512575, 228.56224046, 259.03713196, 289.50694934, 319.97983303, 350.46262114,  -0.04087738,  30.96379993,  59.98116784,  91.00927216, 121.03899876, 152.06387736, 182.07535164, 213.07063319, 244.05061495, 274.02240841, 304.99230482, 334.96979964,  30.96379993,  59.98116784,  91.00927216, 121.03899876, 152.06387736, 182.07535164, 213.07063319, 244.05061495, 274.02240841, 304.99230482, 334.96979964, 365.95912262,  80.912, 173.731,  366,  93.06252577,  93.78017048,  89.92015045,  89.23715330
    -100,     1921,  31.00528613,  28.01737714,  31.02843098,  30.02955943,  31.02432320,  30.01103937,  30.99529631,  30.98032744,  29.97200956,  30.96975457,  29.97722399,  30.98937189,  15.45976245,  44.97141518,  74.49438235, 105.02432450, 135.55267425, 166.07137642, 196.57487066, 227.56180650, 258.03656857, 288.50637268, 318.97939670, 349.46247167,  -0.04083932,  30.96424667,  58.98117356,  90.00927261, 120.03899396, 151.06382205, 181.07517954, 212.07028776, 243.05010454, 273.02182066, 303.99177966, 333.96948824,  30.96424667,  58.98117356,  90.00927261, 120.03899396, 151.06382205, 181.07517954, 212.07028776, 243.05010454, 273.02182066, 303.99177966, 333.96948824, 364.95916068,  80.155, 172.973,  365,  92.80825657,  93.52394051,  89.67446697,  88.99333595
    -100,     1922,  31.00528613,  28.01737714,  31.02843098,  30.02955943,  31.02432320,  30.01103937,  30.99529631,  30.98032744,  29.97200956,  30.96975457,  29.97722399,  30.98937189,  15.45976245,  44.97141518,  74.49438235, 105.02432450, 135.55267425, 166.07137642, 196.57487066, 227.56180650, 258.03656857, 288.50637268, 318.97939670, 349.46247167,  -0.04083932,  30.96424667,  58.98117356,  90.00927261, 120.03899396, 151.06382205, 181.07517954, 212.07028776, 243.05010454, 273.02182066, 303.99177966, 333.96948824,  30.96424667,  58.98117356,  90.00927261, 120.03899396, 151.06382205, 181.07517954, 212.07028776, 243.05010454, 273.02182066, 303.99177966, 333.96948824, 364.95916068,  80.397, 173.215,  365,  92.80825657,  93.52394051,  89.67446697,  88.99333595
    -100,     1923,  31.00528613,  28.01737714,  31.02843098,  30.02955943,  31.02432320,  30.01103937,  30.99529631,  30.98032744,  29.97200956,  30.96975457,  29.97722399,  30.98937189,  15.45976245,  44.97141518,  74.49438235, 105.02432450, 135.55267425, 166.07137642, 196.57487066, 227.56180650, 258.03656857, 288.50637268, 318.97939670, 349.46247167,  -0.04083932,  30.96424667,  58.98117356,  90.00927261, 120.03899396, 151.06382205, 181.07517954, 212.07028776, 243.05010454, 273.02182066, 303.99177966, 333.96948824,  30.96424667,  58.98117356,  90.00927261, 120.03899396, 151.06382205, 181.07517954, 212.07028776, 243.05010454, 273.02182066, 303.99177966, 333.96948824, 364.95916068,  80.640, 173.456,  365,  92.80825657,  93.52394051,  89.67446697,  88.99333595
    -100,     1924,  31.00486454,  29.01783259,  31.02843601,  30.02956570,  31.02437409,  30.01115295,  30.99546429,  30.98049157,  29.97209355,  30.96970094,  29.97701140,  30.98901238,  15.45952151,  45.47109238,  75.49438202, 106.02432387, 136.55269618, 167.07148171, 197.57512575, 228.56224046, 259.03713196, 289.50694934, 319.97983303, 350.46262114,  -0.04087738,  30.96379993,  59.98116784,  91.00927216, 121.03899876, 152.06387736, 182.07535164, 213.07063319, 244.05061495, 274.02240841, 304.99230482, 334.96979964,  30.96379993,  59.98116784,  91.00927216, 121.03899876, 152.06387736, 182.07535164, 213.07063319, 244.05061495, 274.02240841, 304.99230482, 334.96979964, 365.95912262,  80.883, 173.698,  366,  93.06252577,  93.78017048,  89.92015045,  89.23715330
    -100,     1925,  31.00528613,  28.01737714,  31.02843098,  30.02955943,  31.02432320,  30.01103937,  30.99529631,  30.98032744,  29.97200956,  30.96975457,  29.97722399,  30.98937189,  15.45976245,  44.97141518,  74.49438235, 105.02432450, 135.55267425, 166.07137642, 196.57487066, 227.56180650, 258.03656857, 288.50637268, 318.97939670, 349.46247167,  -0.04083932,  30.96424667,  58.98117356,  90.00927261, 120.03899396, 151.06382205, 181.07517954, 212.07028776, 243.05010454, 273.02182066, 303.99177966, 333.96948824,  30.96424667,  58.98117356,  90.00927261, 120.03899396, 151.06382205, 181.07517954, 212.07028776, 243.05010454, 273.02182066, 303.99177966, 333.96948824, 364.95916068,  80.125, 172.940,  365,  92.80825657,  93.52394051,  89.67446697,  88.99333595
    -100,     1926,  31.00528613,  28.01737714,  31.02843098,  30.02955943,  31.02432320,  30.01103937,  30.99529631,  30.98032744,  29.97200956,  30.96975457,  29.97722399,  30.98937189,  15.45976245,  44.97141518,  74.49438235, 105.02432450, 135.55267425, 166.07137642, 196.57487066, 227.56180650, 258.03656857, 288.50637268, 318.97939670, 349.46247167,  -0.04083932,  30.96424667,  58.98117356,  90.00927261, 120.03899396, 151.06382205, 181.07517954, 212.07028776, 243.05010454, 273.02182066, 303.99177966, 333.96948824,  30.96424667,  58.98117356,  90.00927261, 120.03899396, 151.06382205, 181.07517954, 212.07028776, 243.05010454, 273.02182066, 303.99177966, 333.96948824, 364.95916068,  80.367, 173.182,  365,  92.80825657,  93.52394051,  89.67446697,  88.99333595
    -100,     1927,  31.00528613,  28.01737714,  31.02843098,  30.02955943,  31.02432320,  30.01103937,  30.99529631,  30.98032744,  29.97200956,  30.96975457,  29.97722399,  30.98937189,  15.45976245,  44.97141518,  74.49438235, 105.02432450, 135.55267425, 166.07137642, 196.57487066, 227.56180650, 258.03656857, 288.50637268, 318.97939670, 349.46247167,  -0.04083932,  30.96424667,  58.98117356,  90.00927261, 120.03899396, 151.06382205, 181.07517954, 212.07028776, 243.05010454, 273.02182066, 303.99177966, 333.96948824,  30.96424667,  58.98117356,  90.00927261, 120.03899396, 151.06382205, 181.07517954, 212.07028776, 243.05010454, 273.02182066, 303.99177966, 333.96948824, 364.95916068,  80.610, 173.424,  365,  92.80825657,  93.52394051,  89.67446697,  88.99333595
    -100,     1928,  31.00486454,  29.01783259,  31.02843601,  30.02956570,  31.02437409,  30.01115295,  30.99546429,  30.98049157,  29.97209355,  30.96970094,  29.97701140,  30.98901238,  15.45952151,  45.47109238,  75.49438202, 106.02432387, 136.55269618, 167.07148171, 197.57512575, 228.56224046, 259.03713196, 289.50694934, 319.97983303, 350.46262114,  -0.04087738,  30.96379993,  59.98116784,  91.00927216, 121.03899876, 152.06387736, 182.07535164, 213.07063319, 244.05061495, 274.02240841, 304.99230482, 334.96979964,  30.96379993,  59.98116784,  91.00927216, 121.03899876, 152.06387736, 182.07535164, 213.07063319, 244.05061495, 274.02240841, 304.99230482, 334.96979964, 365.95912262,  80.853, 173.665,  366,  93.06252577,  93.78017048,  89.92015045,  89.23715330
    -100,     1929,  31.00528613,  28.01737714,  31.02843098,  30.02955943,  31.02432320,  30.01103937,  30.99529631,  30.98032744,  29.97200956,  30.96975457,  29.97722399,  30.98937189,  15.45976245,  44.97141518,  74.49438235, 105.02432450, 135.55267425, 166.07137642, 196.57487066, 227.56180650, 258.03656857, 288.50637268, 318.97939670, 349.46247167,  -0.04083932,  30.96424667,  58.98117356,  90.00927261, 120.03899396, 151.06382205, 181.07517954, 212.07028776, 243.05010454, 273.02182066, 303.99177966, 333.96948824,  30.96424667,  58.98117356,  90.00927261, 120.03899396, 151.06382205, 181.07517954, 212.07028776, 243.05010454, 273.02182066, 303.99177966, 333.96948824, 364.95916068,  80.095, 172.907,  365,  92.80825657,  93.52394051,  89.67446697,  88.99333595
    -100,     1930,  31.00528613,  28.01737714,  31.02843098,  30.02955943,  31.02432320,  30.01103937,  30.99529631,  30.98032744,  29.97200956,  30.96975457,  29.97722399,  30.98937189,  15.45976245,  44.97141518,  74.49438235, 105.02432450, 135.55267425, 166.07137642, 196.57487066, 227.56180650, 258.03656857, 288.50637268, 318.97939670, 349.46247167,  -0.04083932,  30.96424667,  58.98117356,  90.00927261, 120.03899396, 151.06382205, 181.07517954, 212.07028776, 243.05010454, 273.02182066, 303.99177966, 333.96948824,  30.96424667,  58.98117356,  90.00927261, 120.03899396, 151.06382205, 181.07517954, 212.07028776, 243.05010454, 273.02182066, 303.99177966, 333.96948824, 364.95916068,  80.337, 173.149,  365,  92.80825657,  93.52394051,  89.67446697,  88.99333595
    -100,     1931,  31.00528613,  28.01737714,  31.02843098,  30.02955943,  31.02432320,  30.01103937,  30.99529631,  30.98032744,  29.97200956,  30.96975457,  29.97722399,  30.98937189,  15.45976245,  44.97141518,  74.49438235, 105.02432450, 135.55267425, 166.07137642, 196.57487066, 227.56180650, 258.03656857, 288.50637268, 318.97939670, 349.46247167,  -0.04083932,  30.96424667,  58.98117356,  90.00927261, 120.03899396, 151.06382205, 181.07517954, 212.07028776, 243.05010454, 273.02182066, 303.99177966, 333.96948824,  30.96424667,  58.98117356,  90.00927261, 120.03899396, 151.06382205, 181.07517954, 212.07028776, 243.05010454, 273.02182066, 303.99177966, 333.96948824, 364.95916068,  80.580, 173.390,  365,  92.80825657,  93.52394051,  89.67446697,  88.99333595
    -100,     1932,  31.00486454,  29.01783259,  31.02843601,  30.02956570,  31.02437409,  30.01115295,  30.99546429,  30.98049157,  29.97209355,  30.96970094,  29.97701140,  30.98901238,  15.45952151,  45.47109238,  75.49438202, 106.02432387, 136.55269618, 167.07148171, 197.57512575, 228.56224046, 259.03713196, 289.50694934, 319.97983303, 350.46262114,  -0.04087738,  30.96379993,  59.98116784,  91.00927216, 121.03899876, 152.06387736, 182.07535164, 213.07063319, 244.05061495, 274.02240841, 304.99230482, 334.96979964,  30.96379993,  59.98116784,  91.00927216, 121.03899876, 152.06387736, 182.07535164, 213.07063319, 244.05061495, 274.02240841, 304.99230482, 334.96979964, 365.95912262,  80.822, 173.633,  366,  93.06252577,  93.78017048,  89.92015045,  89.23715330
    -100,     1933,  31.00528613,  28.01737714,  31.02843098,  30.02955943,  31.02432320,  30.01103937,  30.99529631,  30.98032744,  29.97200956,  30.96975457,  29.97722399,  30.98937189,  15.45976245,  44.97141518,  74.49438235, 105.02432450, 135.55267425, 166.07137642, 196.57487066, 227.56180650, 258.03656857, 288.50637268, 318.97939670, 349.46247167,  -0.04083932,  30.96424667,  58.98117356,  90.00927261, 120.03899396, 151.06382205, 181.07517954, 212.07028776, 243.05010454, 273.02182066, 303.99177966, 333.96948824,  30.96424667,  58.98117356,  90.00927261, 120.03899396, 151.06382205, 181.07517954, 212.07028776, 243.05010454, 273.02182066, 303.99177966, 333.96948824, 364.95916068,  80.065, 172.874,  365,  92.80825657,  93.52394051,  89.67446697,  88.99333595
    -100,     1934,  31.00528613,  28.01737714,  31.02843098,  30.02955943,  31.02432320,  30.01103937,  30.99529631,  30.98032744,  29.97200956,  30.96975457,  29.97722399,  30.98937189,  15.45976245,  44.97141518,  74.49438235, 105.02432450, 135.55267425, 166.07137642, 196.57487066, 227.56180650, 258.03656857, 288.50637268, 318.97939670, 349.46247167,  -0.04083932,  30.96424667,  58.98117356,  90.00927261, 120.03899396, 151.06382205, 181.07517954, 212.07028776, 243.05010454, 273.02182066, 303.99177966, 333.96948824,  30.96424667,  58.98117356,  90.00927261, 120.03899396, 151.06382205, 181.07517954, 212.07028776, 243.05010454, 273.02182066, 303.99177966, 333.96948824, 364.95916068,  80.308, 173.116,  365,  92.80825657,  93.52394051,  89.67446697,  88.99333595
    -100,     1935,  31.00528613,  28.01737714,  31.02843098,  30.02955943,  31.02432320,  30.01103937,  30.99529631,  30.98032744,  29.97200956,  30.96975457,  29.97722399,  30.98937189,  15.45976245,  44.97141518,  74.49438235, 105.02432450, 135.55267425, 166.07137642, 196.57487066, 227.56180650, 258.03656857, 288.50637268, 318.97939670, 349.46247167,  -0.04083932,  30.96424667,  58.98117356,  90.00927261, 120.03899396, 151.06382205, 181.07517954, 212.07028776, 243.05010454, 273.02182066, 303.99177966, 333.96948824,  30.96424667,  58.98117356,  90.00927261, 120.03899396, 151.06382205, 181.07517954, 212.07028776, 243.05010454, 273.02182066, 303.99177966, 333.96948824, 364.95916068,  80.550, 173.358,  365,  92.80825657,  93.52394051,  89.67446697,  88.99333595
    -100,     1936,  31.00486454,  29.01783259,  31.02843601,  30.02956570,  31.02437409,  30.01115295,  30.99546429,  30.98049157,  29.97209355,  30.96970094,  29.97701140,  30.98901238,  15.45952151,  45.47109238,  75.49438202, 106.02432387, 136.55269618, 167.07148171, 197.57512575, 228.56224046, 259.03713196, 289.50694934, 319.97983303, 350.46262114,  -0.04087738,  30.96379993,  59.98116784,  91.00927216, 121.03899876, 152.06387736, 182.07535164, 213.07063319, 244.05061495, 274.02240841, 304.99230482, 334.96979964,  30.96379993,  59.98116784,  91.00927216, 121.03899876, 152.06387736, 182.07535164, 213.07063319, 244.05061495, 274.02240841, 304.99230482, 334.96979964, 365.95912262,  80.792, 173.599,  366,  93.06252577,  93.78017048,  89.92015045,  89.23715330
    -100,     1937,  31.00528613,  28.01737714,  31.02843098,  30.02955943,  31.02432320,  30.01103937,  30.99529631,  30.98032744,  29.97200956,  30.96975457,  29.97722399,  30.98937189,  15.45976245,  44.97141518,  74.49438235, 105.02432450, 135.55267425, 166.07137642, 196.57487066, 227.56180650, 258.03656857, 288.50637268, 318.97939670, 349.46247167,  -0.04083932,  30.96424667,  58.98117356,  90.00927261, 120.03899396, 151.06382205, 181.07517954, 212.07028776, 243.05010454, 273.02182066, 303.99177966, 333.96948824,  30.96424667,  58.98117356,  90.00927261, 120.03899396, 151.06382205, 181.07517954, 212.07028776, 243.05010454, 273.02182066, 303.99177966, 333.96948824, 364.95916068,  80.035, 172.841,  365,  92.80825657,  93.52394051,  89.67446697,  88.99333595
    -100,     1938,  31.00528613,  28.01737714,  31.02843098,  30.02955943,  31.02432320,  30.01103937,  30.99529631,  30.98032744,  29.97200956,  30.96975457,  29.97722399,  30.98937189,  15.45976245,  44.97141518,  74.49438235, 105.02432450, 135.55267425, 166.07137642, 196.57487066, 227.56180650, 258.03656857, 288.50637268, 318.97939670, 349.46247167,  -0.04083932,  30.96424667,  58.98117356,  90.00927261, 120.03899396, 151.06382205, 181.07517954, 212.07028776, 243.05010454, 273.02182066, 303.99177966, 333.96948824,  30.96424667,  58.98117356,  90.00927261, 120.03899396, 151.06382205, 181.07517954, 212.07028776, 243.05010454, 273.02182066, 303.99177966, 333.96948824, 364.95916068,  80.278, 173.083,  365,  92.80825657,  93.52394051,  89.67446697,  88.99333595
    -100,     1939,  31.00528613,  28.01737714,  31.02843098,  30.02955943,  31.02432320,  30.01103937,  30.99529631,  30.98032744,  29.97200956,  30.96975457,  29.97722399,  30.98937189,  15.45976245,  44.97141518,  74.49438235, 105.02432450, 135.55267425, 166.07137642, 196.57487066, 227.56180650, 258.03656857, 288.50637268, 318.97939670, 349.46247167,  -0.04083932,  30.96424667,  58.98117356,  90.00927261, 120.03899396, 151.06382205, 181.07517954, 212.07028776, 243.05010454, 273.02182066, 303.99177966, 333.96948824,  30.96424667,  58.98117356,  90.00927261, 120.03899396, 151.06382205, 181.07517954, 212.07028776, 243.05010454, 273.02182066, 303.99177966, 333.96948824, 364.95916068,  80.520, 173.325,  365,  92.80825657,  93.52394051,  89.67446697,  88.99333595
    -100,     1940,  31.00486454,  29.01783259,  31.02843601,  30.02956570,  31.02437409,  30.01115295,  30.99546429,  30.98049157,  29.97209355,  30.96970094,  29.97701140,  30.98901238,  15.45952151,  45.47109238,  75.49438202, 106.02432387, 136.55269618, 167.07148171, 197.57512575, 228.56224046, 259.03713196, 289.50694934, 319.97983303, 350.46262114,  -0.04087738,  30.96379993,  59.98116784,  91.00927216, 121.03899876, 152.06387736, 182.07535164, 213.07063319, 244.05061495, 274.02240841, 304.99230482, 334.96979964,  30.96379993,  59.98116784,  91.00927216, 121.03899876, 152.06387736, 182.07535164, 213.07063319, 244.05061495, 274.02240841, 304.99230482, 334.96979964, 365.95912262,  80.763, 173.567,  366,  93.06252577,  93.78017048,  89.92015045,  89.23715330
    -100,     1941,  31.00528613,  28.01737714,  31.02843098,  30.02955943,  31.02432320,  30.01103937,  30.99529631,  30.98032744,  29.97200956,  30.96975457,  29.97722399,  30.98937189,  15.45976245,  44.97141518,  74.49438235, 105.02432450, 135.55267425, 166.07137642, 196.57487066, 227.56180650, 258.03656857, 288.50637268, 318.97939670, 349.46247167,  -0.04083932,  30.96424667,  58.98117356,  90.00927261, 120.03899396, 151.06382205, 181.07517954, 212.07028776, 243.05010454, 273.02182066, 303.99177966, 333.96948824,  30.96424667,  58.98117356,  90.00927261, 120.03899396, 151.06382205, 181.07517954, 212.07028776, 243.05010454, 273.02182066, 303.99177966, 333.96948824, 364.95916068,  80.005, 172.808,  365,  92.80825657,  93.52394051,  89.67446697,  88.99333595
    -100,     1942,  31.00528613,  28.01737714,  31.02843098,  30.02955943,  31.02432320,  30.01103937,  30.99529631,  30.98032744,  29.97200956,  30.96975457,  29.97722399,  30.98937189,  15.45976245,  44.97141518,  74.49438235, 105.02432450, 135.55267425, 166.07137642, 196.57487066, 227.56180650, 258.03656857, 288.50637268, 318.97939670, 349.46247167,  -0.04083932,  30.96424667,  58.98117356,  90.00927261, 120.03899396, 151.06382205, 181.07517954, 212.07028776, 243.05010454, 273.02182066, 303.99177966, 333.96948824,  30.96424667,  58.98117356,  90.00927261, 120.03899396, 151.06382205, 181.07517954, 212.07028776, 243.05010454, 273.02182066, 303.99177966, 333.96948824, 364.95916068,  80.247, 173.050,  365,  92.80825657,  93.52394051,  89.67446697,  88.99333595
    -100,     1943,  31.00528613,  28.01737714,  31.02843098,  30.02955943,  31.02432320,  30.01103937,  30.99529631,  30.98032744,  29.97200956,  30.96975457,  29.97722399,  30.98937189,  15.45976245,  44.97141518,  74.49438235, 105.02432450, 135.55267425, 166.07137642, 196.57487066, 227.56180650, 258.03656857, 288.50637268, 318.97939670, 349.46247167,  -0.04083932,  30.96424667,  58.98117356,  90.00927261, 120.03899396, 151.06382205, 181.07517954, 212.07028776, 243.05010454, 273.02182066, 303.99177966, 333.96948824,  30.96424667,  58.98117356,  90.00927261, 120.03899396, 151.06382205, 181.07517954, 212.07028776, 243.05010454, 273.02182066, 303.99177966, 333.96948824, 364.95916068,  80.490, 173.292,  365,  92.80825657,  93.52394051,  89.67446697,  88.99333595
    -100,     1944,  31.00486454,  29.01783259,  31.02843601,  30.02956570,  31.02437409,  30.01115295,  30.99546429,  30.98049157,  29.97209355,  30.96970094,  29.97701140,  30.98901238,  15.45952151,  45.47109238,  75.49438202, 106.02432387, 136.55269618, 167.07148171, 197.57512575, 228.56224046, 259.03713196, 289.50694934, 319.97983303, 350.46262114,  -0.04087738,  30.96379993,  59.98116784,  91.00927216, 121.03899876, 152.06387736, 182.07535164, 213.07063319, 244.05061495, 274.02240841, 304.99230482, 334.96979964,  30.96379993,  59.98116784,  91.00927216, 121.03899876, 152.06387736, 182.07535164, 213.07063319, 244.05061495, 274.02240841, 304.99230482, 334.96979964, 365.95912262,  80.733, 173.533,  366,  93.06252577,  93.78017048,  89.92015045,  89.23715330
    -100,     1945,  31.00528613,  28.01737714,  31.02843098,  30.02955943,  31.02432320,  30.01103937,  30.99529631,  30.98032744,  29.97200956,  30.96975457,  29.97722399,  30.98937189,  15.45976245,  44.97141518,  74.49438235, 105.02432450, 135.55267425, 166.07137642, 196.57487066, 227.56180650, 258.03656857, 288.50637268, 318.97939670, 349.46247167,  -0.04083932,  30.96424667,  58.98117356,  90.00927261, 120.03899396, 151.06382205, 181.07517954, 212.07028776, 243.05010454, 273.02182066, 303.99177966, 333.96948824,  30.96424667,  58.98117356,  90.00927261, 120.03899396, 151.06382205, 181.07517954, 212.07028776, 243.05010454, 273.02182066, 303.99177966, 333.96948824, 364.95916068,  79.975, 172.775,  365,  92.80825657,  93.52394051,  89.67446697,  88.99333595
    -100,     1946,  31.00528613,  28.01737714,  31.02843098,  30.02955943,  31.02432320,  30.01103937,  30.99529631,  30.98032744,  29.97200956,  30.96975457,  29.97722399,  30.98937189,  15.45976245,  44.97141518,  74.49438235, 105.02432450, 135.55267425, 166.07137642, 196.57487066, 227.56180650, 258.03656857, 288.50637268, 318.97939670, 349.46247167,  -0.04083932,  30.96424667,  58.98117356,  90.00927261, 120.03899396, 151.06382205, 181.07517954, 212.07028776, 243.05010454, 273.02182066, 303.99177966, 333.96948824,  30.96424667,  58.98117356,  90.00927261, 120.03899396, 151.06382205, 181.07517954, 212.07028776, 243.05010454, 273.02182066, 303.99177966, 333.96948824, 364.95916068,  80.217, 173.017,  365,  92.80825657,  93.52394051,  89.67446697,  88.99333595
    -100,     1947,  31.00528613,  28.01737714,  31.02843098,  30.02955943,  31.02432320,  30.01103937,  30.99529631,  30.98032744,  29.97200956,  30.96975457,  29.97722399,  30.98937189,  15.45976245,  44.97141518,  74.49438235, 105.02432450, 135.55267425, 166.07137642, 196.57487066, 227.56180650, 258.03656857, 288.50637268, 318.97939670, 349.46247167,  -0.04083932,  30.96424667,  58.98117356,  90.00927261, 120.03899396, 151.06382205, 181.07517954, 212.07028776, 243.05010454, 273.02182066, 303.99177966, 333.96948824,  30.96424667,  58.98117356,  90.00927261, 120.03899396, 151.06382205, 181.07517954, 212.07028776, 243.05010454, 273.02182066, 303.99177966, 333.96948824, 364.95916068,  80.460, 173.259,  365,  92.80825657,  93.52394051,  89.67446697,  88.99333595
    -100,     1948,  31.00486454,  29.01783259,  31.02843601,  30.02956570,  31.02437409,  30.01115295,  30.99546429,  30.98049157,  29.97209355,  30.96970094,  29.97701140,  30.98901238,  15.45952151,  45.47109238,  75.49438202, 106.02432387, 136.55269618, 167.07148171, 197.57512575, 228.56224046, 259.03713196, 289.50694934, 319.97983303, 350.46262114,  -0.04087738,  30.96379993,  59.98116784,  91.00927216, 121.03899876, 152.06387736, 182.07535164, 213.07063319, 244.05061495, 274.02240841, 304.99230482, 334.96979964,  30.96379993,  59.98116784,  91.00927216, 121.03899876, 152.06387736, 182.07535164, 213.07063319, 244.05061495, 274.02240841, 304.99230482, 334.96979964, 365.95912262,  80.703, 173.501,  366,  93.06252577,  93.78017048,  89.92015045,  89.23715330
    -100,     1949,  31.00528613,  28.01737714,  31.02843098,  30.02955943,  31.02432320,  30.01103937,  30.99529631,  30.98032744,  29.97200956,  30.96975457,  29.97722399,  30.98937189,  15.45976245,  44.97141518,  74.49438235, 105.02432450, 135.55267425, 166.07137642, 196.57487066, 227.56180650, 258.03656857, 288.50637268, 318.97939670, 349.46247167,  -0.04083932,  30.96424667,  58.98117356,  90.00927261, 120.03899396, 151.06382205, 181.07517954, 212.07028776, 243.05010454, 273.02182066, 303.99177966, 333.96948824,  30.96424667,  58.98117356,  90.00927261, 120.03899396, 151.06382205, 181.07517954, 212.07028776, 243.05010454, 273.02182066, 303.99177966, 333.96948824, 364.95916068,  79.945, 172.742,  365,  92.80825657,  93.52394051,  89.67446697,  88.99333595
